family,budget,sigma,stride,representation,learner,val_error,test_error,n_train,n_val,n_test,feature_dim,valid_fraction_mean,floor
A,0.1,0.2,1,compact,logistic(C=10),0.4,0.5,80,40,120,13,0.00026246719160104987,0.20810769913445243
A,0.1,0.2,1,speed_history,"svm_rbf(C=0.1,gamma_scale=10)",0.5,0.5083333333333333,80,40,120,134,0.00026246719160104987,0.20810769913445243
A,0.1,0.2,1,raw_geometry_flat,"svm_rbf(C=10,gamma_scale=0.1)",0.0,0.05,80,40,120,774,0.00026246719160104987,0.20810769913445243
A,0.1,0.2,1,raw_geometry_summary,logistic(C=10),0.1,0.07500000000000001,80,40,120,12,0.00026246719160104987,0.20810769913445243
A,0.1,0.2,1,moments_summary,"svm_rbf(C=1,gamma_scale=10)",0.3,0.44999999999999996,80,40,120,12,0.00026246719160104987,0.20810769913445243
A,0.1,0.2,1,moment_signature_time,logistic(C=10),0.44999999999999996,0.4833333333333334,80,40,120,56,0.00026246719160104987,0.20810769913445243
A,0.25,0.2,1,compact,logistic(C=10),0.4,0.4916666666666667,80,40,120,13,0.00026246719160104987,0.20810769913445243
A,0.25,0.2,1,speed_history,"svm_rbf(C=1,gamma_scale=0.1)",0.5,0.4666666666666667,80,40,120,134,0.00026246719160104987,0.20810769913445243
A,0.25,0.2,1,raw_geometry_flat,logistic(C=10),0.0,0.0,80,40,120,774,0.00026246719160104987,0.20810769913445243
A,0.25,0.2,1,raw_geometry_summary,logistic(C=1),0.0,0.016666666666666666,80,40,120,12,0.00026246719160104987,0.20810769913445243
A,0.25,0.2,1,moments_summary,logistic(C=1),0.1,0.2,80,40,120,12,0.00026246719160104987,0.20810769913445243
A,0.25,0.2,1,moment_signature_time,logistic(C=0.01),0.2,0.25,80,40,120,56,0.00026246719160104987,0.20810769913445243
A,0.5,0.2,1,compact,logistic(C=10),0.35,0.4,80,40,120,13,0.00026246719160104987,0.20810769913445243
A,0.5,0.2,1,speed_history,"svm_rbf(C=0.1,gamma_scale=1)",0.35,0.3666666666666667,80,40,120,134,0.00026246719160104987,0.20810769913445243
A,0.5,0.2,1,raw_geometry_flat,logistic(C=0.1),0.0,0.0,80,40,120,774,0.00026246719160104987,0.20810769913445243
A,0.5,0.2,1,raw_geometry_summary,logistic(C=10),0.0,0.0,80,40,120,12,0.00026246719160104987,0.20810769913445243
A,0.5,0.2,1,moments_summary,logistic(C=1),0.05,0.03333333333333333,80,40,120,12,0.00026246719160104987,0.20810769913445243
A,0.5,0.2,1,moment_signature_time,"svm_rbf(C=10,gamma_scale=0.1)",0.075,0.14166666666666666,80,40,120,56,0.00026246719160104987,0.20810769913445243
B,0.1,0.2,1,compact,"svm_rbf(C=0.1,gamma_scale=1)",0.375,0.5083333333333333,80,40,120,13,6.561679790026247e-05,0.21640309696168167
B,0.1,0.2,1,speed_history,"svm_rbf(C=1,gamma_scale=10)",0.44999999999999996,0.5166666666666666,80,40,120,134,6.561679790026247e-05,0.21640309696168167
B,0.1,0.2,1,raw_geometry_flat,logistic(C=0.01),0.07500000000000001,0.1,80,40,120,516,6.561679790026247e-05,0.21640309696168167
B,0.1,0.2,1,raw_geometry_summary,"svm_rbf(C=1,gamma_scale=1)",0.3,0.3416666666666667,80,40,120,8,6.561679790026247e-05,0.21640309696168167
B,0.1,0.2,1,moments_summary,"svm_rbf(C=0.01,gamma_scale=10)",0.42500000000000004,0.5,80,40,120,12,6.561679790026247e-05,0.21640309696168167
B,0.1,0.2,1,moment_signature_time,logistic(C=1),0.375,0.5333333333333333,80,40,120,56,6.561679790026247e-05,0.21640309696168167
B,0.25,0.2,1,compact,logistic(C=10),0.35,0.375,80,40,120,13,6.561679790026247e-05,0.21640309696168167
B,0.25,0.2,1,speed_history,"svm_rbf(C=10,gamma_scale=1)",0.35,0.44166666666666665,80,40,120,134,6.561679790026247e-05,0.21640309696168167
B,0.25,0.2,1,raw_geometry_flat,logistic(C=0.1),0.0,0.0,80,40,120,516,6.561679790026247e-05,0.21640309696168167
B,0.25,0.2,1,raw_geometry_summary,logistic(C=0.1),0.025,0.04166666666666667,80,40,120,8,6.561679790026247e-05,0.21640309696168167
B,0.25,0.2,1,moments_summary,logistic(C=10),0.30000000000000004,0.18333333333333335,80,40,120,12,6.561679790026247e-05,0.21640309696168167
B,0.25,0.2,1,moment_signature_time,logistic(C=10),0.35,0.45833333333333337,80,40,120,56,6.561679790026247e-05,0.21640309696168167
B,0.5,0.2,1,compact,logistic(C=0.1),0.125,0.19166666666666665,80,40,120,13,6.561679790026247e-05,0.21640309696168167
B,0.5,0.2,1,speed_history,"svm_rbf(C=1,gamma_scale=1)",0.125,0.14166666666666666,80,40,120,134,6.561679790026247e-05,0.21640309696168167
B,0.5,0.2,1,raw_geometry_flat,logistic(C=0.1),0.0,0.0,80,40,120,516,6.561679790026247e-05,0.21640309696168167
B,0.5,0.2,1,raw_geometry_summary,"svm_rbf(C=10,gamma_scale=0.1)",0.0,0.0,80,40,120,8,6.561679790026247e-05,0.21640309696168167
B,0.5,0.2,1,moments_summary,logistic(C=1),0.05,0.008333333333333333,80,40,120,12,6.561679790026247e-05,0.21640309696168167
B,0.5,0.2,1,moment_signature_time,"svm_rbf(C=0.1,gamma_scale=1)",0.3,0.5416666666666666,80,40,120,56,6.561679790026247e-05,0.21640309696168167
