category,path,sha256
input,research_review/Topological_Kinematics_Research_Plan.md,8fd06530e2c26e81eb6d6e257dd9522b12a3c92300dbc86177327bf59ff38a2a
input,research_review/Pilot_Experiment_Specification.md,491c91e074219ded7a84a1dc3fae957d61805ad291cd8b0822b000fc94c9c202
input,research_review/results/phase1/implementation_contract.md,c8f48782514974b55a6e3fb1d747824ad408dd15927e09df70d48e07e688bf3d
input,research_review/results/phase1/decision_packet_G1.md,8989feaeafe17c633255505e01e96cf15d65f990e5dfc1bbbd5c8189c41dc528
input,configs/tk_pilot.yaml,1862b1bb58c4ddede8946782e6d2f55d6a4e87b752ad163a03560baaaa297091
input,src/tk_pilot/generators.py,1bc14dfca766573c704e4edda622c00fcac5b55f584bae0c3bc447f65a78ab00
input,src/tk_pilot/persistence.py,5ec7b5296185fab3997ac0abd049a4db5c7a00862fb93468c12fae1ff8b3c333
input,src/tk_pilot/diagram_metrics.py,0f28f01f4b3013f4ea399ba064bb1042c8d81b8aa1a8eeb6dcdd6f46de128596
input,src/tk_pilot/path_diagnostics.py,a67eb36041d0724ac8d859ec715928542b90a1af7614bbf2fcef9ca752c5b37f
input,src/tk_pilot/features.py,44be21c2518d47202565c2197aa22f4e26c945f283bce15dcf54645832bed555
input,scripts/run_wp31_ladder.py,b17fb9b7f97195ee74ed520d4ad31f2701343e37f180e0c48e54ac34be28f254
raw_control,/home/hugo_souto/Stuff/Research/Topological_Kinematics/research_review/results/g2/raw_controls/A/11/A_static_11_sigma0_stride1.npz,6bd30ce2eaaeaecd9a3abd8c4f3b9e680976e7cc9c7666ea0b3f86921697b5e8
raw_control_meta,/home/hugo_souto/Stuff/Research/Topological_Kinematics/research_review/results/g2/raw_controls/A/11/A_static_11_sigma0_stride1.meta.json,1c6fb5532e00119c16b5617e2ff156723c9fb162530641a78b6268e70733284c
diagram_sequence,/home/hugo_souto/Stuff/Research/Topological_Kinematics/research_review/results/g2/diagrams/A/11/A_static_11_sigma0_stride1.npz,ebca4ce58eb3e6bb157daff8955c354ed78d1e5651db28f75c3f1bbecfee5770
diagram_meta,/home/hugo_souto/Stuff/Research/Topological_Kinematics/research_review/results/g2/diagrams/A/11/A_static_11_sigma0_stride1.meta.json,331dcd219150ad062dd3c753be8e750059956fe697b8e19dbff290acda6f9cee
raw_control,/home/hugo_souto/Stuff/Research/Topological_Kinematics/research_review/results/g2/raw_controls/A/11/A_static_11_sigma50_stride1.npz,f442c5da9caa400e290b01d7591d135ec9ed70acf5e1f67883b7cf7422958451
raw_control_meta,/home/hugo_souto/Stuff/Research/Topological_Kinematics/research_review/results/g2/raw_controls/A/11/A_static_11_sigma50_stride1.meta.json,19bfef2497001d13570279b80bdb3a54c87fe3452ae5f9694ac26c19fc7ae629
diagram_sequence,/home/hugo_souto/Stuff/Research/Topological_Kinematics/research_review/results/g2/diagrams/A/11/A_static_11_sigma50_stride1.npz,c82ee8b8c57e09b6ce722ba82d52ffec8b028f479578aebc8cf0530d80a60dc3
diagram_meta,/home/hugo_souto/Stuff/Research/Topological_Kinematics/research_review/results/g2/diagrams/A/11/A_static_11_sigma50_stride1.meta.json,1c5c2b46ec97a8d17ed4dda44ebd03006187274efdd731d8229d177f77cc2cd6
raw_control,/home/hugo_souto/Stuff/Research/Topological_Kinematics/research_review/results/g2/raw_controls/A/12/A_static_12_sigma0_stride1.npz,d016bbacfd2e2d617991e2f37cf2de014b8622dfbaaa7bae2e1c5930cfc06bb5
raw_control_meta,/home/hugo_souto/Stuff/Research/Topological_Kinematics/research_review/results/g2/raw_controls/A/12/A_static_12_sigma0_stride1.meta.json,2d886397f2768b689b45d1c302a0b28805ce7d80ce6cace29ee74bc86b081972
diagram_sequence,/home/hugo_souto/Stuff/Research/Topological_Kinematics/research_review/results/g2/diagrams/A/12/A_static_12_sigma0_stride1.npz,f8f2dc2730216177854b677dabb8648b79b2faa2bf8dd658fbaac1b843da4389
diagram_meta,/home/hugo_souto/Stuff/Research/Topological_Kinematics/research_review/results/g2/diagrams/A/12/A_static_12_sigma0_stride1.meta.json,64f5a6ddd4b061c8a0b6f596701ed6b0c6aaec6ced10ef77957ec94265c14b05
raw_control,/home/hugo_souto/Stuff/Research/Topological_Kinematics/research_review/results/g2/raw_controls/A/12/A_static_12_sigma50_stride1.npz,dc709bde0ddc2d3431f6e31b03e828e5f2b7303fb81600f99726d7ae1ac41e25
raw_control_meta,/home/hugo_souto/Stuff/Research/Topological_Kinematics/research_review/results/g2/raw_controls/A/12/A_static_12_sigma50_stride1.meta.json,af8bba51d0df66e66fe936371ced5d06a17f6c552c6f04c9453cada285e2d52d
diagram_sequence,/home/hugo_souto/Stuff/Research/Topological_Kinematics/research_review/results/g2/diagrams/A/12/A_static_12_sigma50_stride1.npz,05e0b704ed79107c212b9397e530da84f8c3bf00680df197613f6d6b3aab4dc8
diagram_meta,/home/hugo_souto/Stuff/Research/Topological_Kinematics/research_review/results/g2/diagrams/A/12/A_static_12_sigma50_stride1.meta.json,2ff0a1c7d910a4934e5727ce55db1756137837be6276c26ee182a85adce5eabf
raw_control,/home/hugo_souto/Stuff/Research/Topological_Kinematics/research_review/results/g2/raw_controls/B/11/B_static_11_sigma0_stride1.npz,4b01f149d92c63b2fd513213103834e506effefa9af3af6675a8996fc7ffabff
raw_control_meta,/home/hugo_souto/Stuff/Research/Topological_Kinematics/research_review/results/g2/raw_controls/B/11/B_static_11_sigma0_stride1.meta.json,95101425fa6cb66518c47432ca1c9fc506d802e3007d09b2cc2bad99f5b9e0f8
diagram_sequence,/home/hugo_souto/Stuff/Research/Topological_Kinematics/research_review/results/g2/diagrams/B/11/B_static_11_sigma0_stride1.npz,428e2a21b0e53460090f7d2723572ee02fc3d6b8b1e18c1163d714b09b202ab2
diagram_meta,/home/hugo_souto/Stuff/Research/Topological_Kinematics/research_review/results/g2/diagrams/B/11/B_static_11_sigma0_stride1.meta.json,6ea0bebb210a2534619a43f7c0c2feb60b4ad573ab7b6f59b0068375c594ec88
raw_control,/home/hugo_souto/Stuff/Research/Topological_Kinematics/research_review/results/g2/raw_controls/B/11/B_static_11_sigma50_stride1.npz,5c4c771433db6914f5a885b3f9db64620c92c6fa7c4dd3c2e0d17e3856886ab7
raw_control_meta,/home/hugo_souto/Stuff/Research/Topological_Kinematics/research_review/results/g2/raw_controls/B/11/B_static_11_sigma50_stride1.meta.json,a4be7332c91fed13e93e1ba5a8b0a833e28ce2721df1666f84d5ab442f210c39
diagram_sequence,/home/hugo_souto/Stuff/Research/Topological_Kinematics/research_review/results/g2/diagrams/B/11/B_static_11_sigma50_stride1.npz,66375f92905e75327c75bd2460f69b962de89b818c24ba292d56a2af55ba7ea9
diagram_meta,/home/hugo_souto/Stuff/Research/Topological_Kinematics/research_review/results/g2/diagrams/B/11/B_static_11_sigma50_stride1.meta.json,f4922e9f4ddf3b64c245da140a175c45d33480aca80bc0a3fbac559a48f273d8
raw_control,/home/hugo_souto/Stuff/Research/Topological_Kinematics/research_review/results/g2/raw_controls/B/12/B_static_12_sigma0_stride1.npz,b06c2e4303721772fa7ba10c534659f03dbe9ae9ea47f5708ac15d8d0662ad93
raw_control_meta,/home/hugo_souto/Stuff/Research/Topological_Kinematics/research_review/results/g2/raw_controls/B/12/B_static_12_sigma0_stride1.meta.json,557d9aefe99a92c2cb605330d90a8980bab1333abd87cb152d0de1b7142c3428
diagram_sequence,/home/hugo_souto/Stuff/Research/Topological_Kinematics/research_review/results/g2/diagrams/B/12/B_static_12_sigma0_stride1.npz,428e2a21b0e53460090f7d2723572ee02fc3d6b8b1e18c1163d714b09b202ab2
diagram_meta,/home/hugo_souto/Stuff/Research/Topological_Kinematics/research_review/results/g2/diagrams/B/12/B_static_12_sigma0_stride1.meta.json,5a04624fd946d304952331d609dd353d3b50e57817e32b7bae18611c18b77af2
raw_control,/home/hugo_souto/Stuff/Research/Topological_Kinematics/research_review/results/g2/raw_controls/B/12/B_static_12_sigma50_stride1.npz,d69b9dde4db31415501f01d4e1e9d284ce179cc1439d06c20c2b42c73697a52f
raw_control_meta,/home/hugo_souto/Stuff/Research/Topological_Kinematics/research_review/results/g2/raw_controls/B/12/B_static_12_sigma50_stride1.meta.json,5690a09877bcd56b27a590fd865d5a478c09ed287bd9f81bd5d1f381891fdcd4
diagram_sequence,/home/hugo_souto/Stuff/Research/Topological_Kinematics/research_review/results/g2/diagrams/B/12/B_static_12_sigma50_stride1.npz,93bc75c03c5e92eeaea74a983a3191c6a9bd5cb44c7c37e875fb5600907ea3d2
diagram_meta,/home/hugo_souto/Stuff/Research/Topological_Kinematics/research_review/results/g2/diagrams/B/12/B_static_12_sigma50_stride1.meta.json,e2489c8a1442a72c3122efad2bd7ba436487c8a0eae59a2893f66fd8ea3ade8b
raw_control,/home/hugo_souto/Stuff/Research/Topological_Kinematics/research_review/results/g2/raw_controls/A/11/A_ramp_11_sigma0_stride1.npz,e34842acea1ee5eef8a899a6b54e4f8324612be1f6be80c07c3fcab8fe94fffd
raw_control_meta,/home/hugo_souto/Stuff/Research/Topological_Kinematics/research_review/results/g2/raw_controls/A/11/A_ramp_11_sigma0_stride1.meta.json,aeef242859e9fe9af4fecf195aab495f3556c2902b7d7db03de3edf251e91177
diagram_sequence,/home/hugo_souto/Stuff/Research/Topological_Kinematics/research_review/results/g2/diagrams/A/11/A_ramp_11_sigma0_stride1.npz,021bd5311a20dc2ad8d254f338c7d3515342f1d8061599728dd72e6f31c8f4f9
diagram_meta,/home/hugo_souto/Stuff/Research/Topological_Kinematics/research_review/results/g2/diagrams/A/11/A_ramp_11_sigma0_stride1.meta.json,2d47d0506394552fa398d45bbca1701b1f796ab43c97dff75ed5d0755873f692
raw_control,/home/hugo_souto/Stuff/Research/Topological_Kinematics/research_review/results/g2/raw_controls/A/11/A_ramp_11_sigma0_stride4.npz,77875a00c7f0931c7b160deb7bb6ba696d6b6a97934559e4e84f63c727efef35
raw_control_meta,/home/hugo_souto/Stuff/Research/Topological_Kinematics/research_review/results/g2/raw_controls/A/11/A_ramp_11_sigma0_stride4.meta.json,8d342348243ea7b9ec0d40600a2c79aa2bcb515e7bd1f94d02f1b1b7a0220984
diagram_sequence,/home/hugo_souto/Stuff/Research/Topological_Kinematics/research_review/results/g2/diagrams/A/11/A_ramp_11_sigma0_stride4.npz,d67bbeb95d4bf56a86ac7ad08666b18b83686b60e97c7625eba62e34bb4184c4
diagram_meta,/home/hugo_souto/Stuff/Research/Topological_Kinematics/research_review/results/g2/diagrams/A/11/A_ramp_11_sigma0_stride4.meta.json,b5692cd4a64ece347b2071bf647f9410ef74c40f9f86bc550414b743ef9f6fb7
raw_control,/home/hugo_souto/Stuff/Research/Topological_Kinematics/research_review/results/g2/raw_controls/A/12/A_ramp_12_sigma0_stride1.npz,eedf6e584f2ebb78111599d3da31edf00d20be86beffeb0cb9dfdd1cad88e5ec
raw_control_meta,/home/hugo_souto/Stuff/Research/Topological_Kinematics/research_review/results/g2/raw_controls/A/12/A_ramp_12_sigma0_stride1.meta.json,db22f59de04b844f61344b843db649caeb00c4f9560458a37b41df90e2b1716b
diagram_sequence,/home/hugo_souto/Stuff/Research/Topological_Kinematics/research_review/results/g2/diagrams/A/12/A_ramp_12_sigma0_stride1.npz,d96ef8edeb4c94a31a1333412cb00196f947ccbc44828e31dc020c658fd09532
diagram_meta,/home/hugo_souto/Stuff/Research/Topological_Kinematics/research_review/results/g2/diagrams/A/12/A_ramp_12_sigma0_stride1.meta.json,824f38db99096b57bb86a52dde4e484e9ba86398134221ced6b678bb39aeb9e1
raw_control,/home/hugo_souto/Stuff/Research/Topological_Kinematics/research_review/results/g2/raw_controls/A/12/A_ramp_12_sigma0_stride4.npz,1aee2208027eb09049b7deb8c782bcc9393d19cb26143e68bf2cce06a4a7e6d8
raw_control_meta,/home/hugo_souto/Stuff/Research/Topological_Kinematics/research_review/results/g2/raw_controls/A/12/A_ramp_12_sigma0_stride4.meta.json,658230ae142147a121b0a6fd89fd73440fb95fa34c019b9f172b79e4b2c885dc
diagram_sequence,/home/hugo_souto/Stuff/Research/Topological_Kinematics/research_review/results/g2/diagrams/A/12/A_ramp_12_sigma0_stride4.npz,7f1dbaaecb2a7db4d14f14ba8d8dd03537584a7b2595707f7b0171cd65174a62
diagram_meta,/home/hugo_souto/Stuff/Research/Topological_Kinematics/research_review/results/g2/diagrams/A/12/A_ramp_12_sigma0_stride4.meta.json,e109d96738ee3496579a2478c5c1803c302ea2659038e1974dea7efe865ec8b5
raw_control,/home/hugo_souto/Stuff/Research/Topological_Kinematics/research_review/results/g2/raw_controls/B/11/B_ramp_11_sigma0_stride1.npz,cf88ba0b4bd3f1a025b6d07d432d28e2e1714ee3507f5525d814eaa378d923a0
raw_control_meta,/home/hugo_souto/Stuff/Research/Topological_Kinematics/research_review/results/g2/raw_controls/B/11/B_ramp_11_sigma0_stride1.meta.json,7b2178a841aecef03ba814ddd3cbf1c6d64fea18657ebbf3c1566d539e72d882
diagram_sequence,/home/hugo_souto/Stuff/Research/Topological_Kinematics/research_review/results/g2/diagrams/B/11/B_ramp_11_sigma0_stride1.npz,af5e25f40e5f8766f4867df23ca24cb9a0bb1c1ccad23af3150413538cde7656
diagram_meta,/home/hugo_souto/Stuff/Research/Topological_Kinematics/research_review/results/g2/diagrams/B/11/B_ramp_11_sigma0_stride1.meta.json,864d67caf32671d9710d9c2dee8da3e39f66463ec09c2504fcd39ace58973889
raw_control,/home/hugo_souto/Stuff/Research/Topological_Kinematics/research_review/results/g2/raw_controls/B/11/B_ramp_11_sigma0_stride4.npz,b4b79208e17b6de375d5e8a2ddd4e263d64bab8967c6d8fa3cd62ef8260ec307
raw_control_meta,/home/hugo_souto/Stuff/Research/Topological_Kinematics/research_review/results/g2/raw_controls/B/11/B_ramp_11_sigma0_stride4.meta.json,e21b6d5b8240cd01db1a75f86c8241fd9b450914ab0ab5c2a5453fcddc57ce19
diagram_sequence,/home/hugo_souto/Stuff/Research/Topological_Kinematics/research_review/results/g2/diagrams/B/11/B_ramp_11_sigma0_stride4.npz,19e2d076f93b357394423185ff7bd818e5cc8d88729687047d23b6461bcfae22
diagram_meta,/home/hugo_souto/Stuff/Research/Topological_Kinematics/research_review/results/g2/diagrams/B/11/B_ramp_11_sigma0_stride4.meta.json,10207324d753eeed76538630bccd4f93cd76fa24b12d66c889a6a62ed4b9983f
raw_control,/home/hugo_souto/Stuff/Research/Topological_Kinematics/research_review/results/g2/raw_controls/B/12/B_ramp_12_sigma0_stride1.npz,b3d3faef4bb648eb0b6b651f9281d69564a4fccd64bbcf1f6cb2232e29c24151
raw_control_meta,/home/hugo_souto/Stuff/Research/Topological_Kinematics/research_review/results/g2/raw_controls/B/12/B_ramp_12_sigma0_stride1.meta.json,59b4df5dbc0e301e0f108fb1528a6b62b35857645249e3e9eee7f33320552e80
diagram_sequence,/home/hugo_souto/Stuff/Research/Topological_Kinematics/research_review/results/g2/diagrams/B/12/B_ramp_12_sigma0_stride1.npz,377ba5a5705805d1e97c50795b6274b0718059b7daa3473d4501cf68bdb686ac
diagram_meta,/home/hugo_souto/Stuff/Research/Topological_Kinematics/research_review/results/g2/diagrams/B/12/B_ramp_12_sigma0_stride1.meta.json,d92a2f07d5867df86e3cfb0ef5a1c20a15e6274c027b24af6848802d20eb66cb
raw_control,/home/hugo_souto/Stuff/Research/Topological_Kinematics/research_review/results/g2/raw_controls/B/12/B_ramp_12_sigma0_stride4.npz,e669ee10a469436d85f6e8491db84f4e86bbfb6bd248962e0f31cb323df3435e
raw_control_meta,/home/hugo_souto/Stuff/Research/Topological_Kinematics/research_review/results/g2/raw_controls/B/12/B_ramp_12_sigma0_stride4.meta.json,b8c3f4d3a40cf484d8bebd1e2492418ddd67364cd5d2084fce72184ae6f5f81d
diagram_sequence,/home/hugo_souto/Stuff/Research/Topological_Kinematics/research_review/results/g2/diagrams/B/12/B_ramp_12_sigma0_stride4.npz,2858ca4531fc32ae296a5dc2e0562ad8004fd5cabd0c18f19c4ab6b33dd1827a
diagram_meta,/home/hugo_souto/Stuff/Research/Topological_Kinematics/research_review/results/g2/diagrams/B/12/B_ramp_12_sigma0_stride4.meta.json,5b985ea92e74ebedfe23519f82ab4816cd06af2929525d45d03b8472457e6af0
raw_control,/home/hugo_souto/Stuff/Research/Topological_Kinematics/research_review/results/g2/raw_controls/A/11/A_return_11_sigma0_stride1.npz,84f039a347f408f990cb81349bc64e3e2e2224f73ac7be563dc4002f2f202c3c
raw_control_meta,/home/hugo_souto/Stuff/Research/Topological_Kinematics/research_review/results/g2/raw_controls/A/11/A_return_11_sigma0_stride1.meta.json,61539d97242145addf9754191b4abe6087f7c956612940eff62ee259c8b418aa
diagram_sequence,/home/hugo_souto/Stuff/Research/Topological_Kinematics/research_review/results/g2/diagrams/A/11/A_return_11_sigma0_stride1.npz,19b3a8ad6f6d105cf2136ddec7b20b09cdecde2b75be0747fa0db1c83eb69f3a
diagram_meta,/home/hugo_souto/Stuff/Research/Topological_Kinematics/research_review/results/g2/diagrams/A/11/A_return_11_sigma0_stride1.meta.json,2bc2341184d9d604b17d2214885667b85507afb37621803c04dcbb8573751e86
raw_control,/home/hugo_souto/Stuff/Research/Topological_Kinematics/research_review/results/g2/raw_controls/A/11/A_jump_11_sigma0_stride1.npz,bb3347bbc0b68c0e82194755e9d4179eaf93db9bdb4829f068e028d6e1880b1a
raw_control_meta,/home/hugo_souto/Stuff/Research/Topological_Kinematics/research_review/results/g2/raw_controls/A/11/A_jump_11_sigma0_stride1.meta.json,5fb9b4ab3da4d758930d5c8197dbdc057d5864f4d7a7225b24d495fadcfa0952
diagram_sequence,/home/hugo_souto/Stuff/Research/Topological_Kinematics/research_review/results/g2/diagrams/A/11/A_jump_11_sigma0_stride1.npz,5d9f2b721c1310bdd5eebee057e907b49da6bfdec93f5009dcbcc4941a1fc309
diagram_meta,/home/hugo_souto/Stuff/Research/Topological_Kinematics/research_review/results/g2/diagrams/A/11/A_jump_11_sigma0_stride1.meta.json,36900b82fa825ef459d987c3429a30693bff6ba1fe5fb9620d032e400db69a06
raw_control,/home/hugo_souto/Stuff/Research/Topological_Kinematics/research_review/results/g2/raw_controls/A/12/A_return_12_sigma0_stride1.npz,f16838009a22d6070992379e67729da155bcb61e6bc9ec72a65a7e1e57c6bebd
raw_control_meta,/home/hugo_souto/Stuff/Research/Topological_Kinematics/research_review/results/g2/raw_controls/A/12/A_return_12_sigma0_stride1.meta.json,93738fe3a6f301b2ac40ab8e75e5025052ea057c7447c7ead19ae2eb1b705b99
diagram_sequence,/home/hugo_souto/Stuff/Research/Topological_Kinematics/research_review/results/g2/diagrams/A/12/A_return_12_sigma0_stride1.npz,964e1c581103fda1a5e6adb7f9b3c4cf6173c561c23a503615f8e72588d0d3df
diagram_meta,/home/hugo_souto/Stuff/Research/Topological_Kinematics/research_review/results/g2/diagrams/A/12/A_return_12_sigma0_stride1.meta.json,467f99d05bac212638cd446d09d9244f627f3335982778c50dab4700de90f36a
raw_control,/home/hugo_souto/Stuff/Research/Topological_Kinematics/research_review/results/g2/raw_controls/A/12/A_jump_12_sigma0_stride1.npz,adfa21d4d0908cb9478107c03d9b78068a227ae2085789860f6521ea7e1769e8
raw_control_meta,/home/hugo_souto/Stuff/Research/Topological_Kinematics/research_review/results/g2/raw_controls/A/12/A_jump_12_sigma0_stride1.meta.json,9daeeb7810b50c8ec8d52562fe705cd4d17126c5a2cb5bf2662adab22d51add7
diagram_sequence,/home/hugo_souto/Stuff/Research/Topological_Kinematics/research_review/results/g2/diagrams/A/12/A_jump_12_sigma0_stride1.npz,a1aaf1e625f40db559221007858c6932fb681343a4c37cb34136ce4d22654437
diagram_meta,/home/hugo_souto/Stuff/Research/Topological_Kinematics/research_review/results/g2/diagrams/A/12/A_jump_12_sigma0_stride1.meta.json,277b7ebac669e1cf014624d75485fed98522a90adebcb3387e29dc1e1df56a15
raw_control,/home/hugo_souto/Stuff/Research/Topological_Kinematics/research_review/results/g2/raw_controls/B/11/B_return_11_sigma0_stride1.npz,f0b680b4651a226db8c3b74153a1e1ddb3e65361e5e98092b454b4057dfe3b3b
raw_control_meta,/home/hugo_souto/Stuff/Research/Topological_Kinematics/research_review/results/g2/raw_controls/B/11/B_return_11_sigma0_stride1.meta.json,0c6761c2ed72a693924d4ab024792748bf2fcabdded1aa38453a98c3fe5550cf
diagram_sequence,/home/hugo_souto/Stuff/Research/Topological_Kinematics/research_review/results/g2/diagrams/B/11/B_return_11_sigma0_stride1.npz,bc6254edc209232ac56e9cb59f48a50a856d8dc725be46c5317a0881509ed6de
diagram_meta,/home/hugo_souto/Stuff/Research/Topological_Kinematics/research_review/results/g2/diagrams/B/11/B_return_11_sigma0_stride1.meta.json,74e7244c3ce98e37c911da874561e541aea0279fd8d8c0afa15716890b5f270e
raw_control,/home/hugo_souto/Stuff/Research/Topological_Kinematics/research_review/results/g2/raw_controls/B/11/B_jump_11_sigma0_stride1.npz,770a2d91caf68aef2555f35872f7d2d2ad2a2ca7a2f04da90ab4bb77a4312eac
raw_control_meta,/home/hugo_souto/Stuff/Research/Topological_Kinematics/research_review/results/g2/raw_controls/B/11/B_jump_11_sigma0_stride1.meta.json,7a35f21c4b0ff495b88ffd1510f90b8ca4a76a3a8204457c4d31670391411bd1
diagram_sequence,/home/hugo_souto/Stuff/Research/Topological_Kinematics/research_review/results/g2/diagrams/B/11/B_jump_11_sigma0_stride1.npz,42b386009a5a108788f943705f8ac437b1974715e045b30f2bfff18892b49f25
diagram_meta,/home/hugo_souto/Stuff/Research/Topological_Kinematics/research_review/results/g2/diagrams/B/11/B_jump_11_sigma0_stride1.meta.json,216a89cae7007520fc7654b4f785d047ac87cdfd54a52112b45e2a162677b8c9
raw_control,/home/hugo_souto/Stuff/Research/Topological_Kinematics/research_review/results/g2/raw_controls/B/12/B_return_12_sigma0_stride1.npz,a7b6a22410147ee63d441b05450cf8493b82563ee3a2757e50f82b3270d87d27
raw_control_meta,/home/hugo_souto/Stuff/Research/Topological_Kinematics/research_review/results/g2/raw_controls/B/12/B_return_12_sigma0_stride1.meta.json,9069ef63cf1a5c3d6ce5da96db974fc8be9e6e0b14ad1f03824d064dd9a46760
diagram_sequence,/home/hugo_souto/Stuff/Research/Topological_Kinematics/research_review/results/g2/diagrams/B/12/B_return_12_sigma0_stride1.npz,b0f2f1b4f30c9b2d2c830b748fe257c76df5751ba426251ceddb671a481a6e7b
diagram_meta,/home/hugo_souto/Stuff/Research/Topological_Kinematics/research_review/results/g2/diagrams/B/12/B_return_12_sigma0_stride1.meta.json,0d234c7bad483e84b13c992095986428124e12f8d6be96e635de6f5c3508cd60
raw_control,/home/hugo_souto/Stuff/Research/Topological_Kinematics/research_review/results/g2/raw_controls/B/12/B_jump_12_sigma0_stride1.npz,65b3111feea163896c147ea5403585762b9d7ca3f9390b786aa0b88504e22fd5
raw_control_meta,/home/hugo_souto/Stuff/Research/Topological_Kinematics/research_review/results/g2/raw_controls/B/12/B_jump_12_sigma0_stride1.meta.json,b466347b4778042748a5adc861a9359c2bf79bffd8d6070e463492ac6671c949
diagram_sequence,/home/hugo_souto/Stuff/Research/Topological_Kinematics/research_review/results/g2/diagrams/B/12/B_jump_12_sigma0_stride1.npz,8214050e4abb2d350cc7380e16b35b9146304f6a5cd03063c220fa19e9c61cc8
diagram_meta,/home/hugo_souto/Stuff/Research/Topological_Kinematics/research_review/results/g2/diagrams/B/12/B_jump_12_sigma0_stride1.meta.json,8715dfe6c7ed7b08cd48614a88be8911612b8bfb99031f74f21191b148f543b5
raw_control,/home/hugo_souto/Stuff/Research/Topological_Kinematics/research_review/results/g2/raw_controls/A/13/A_static_13_sigma0_stride1.npz,995ca72b1174999454c98d543bc7e809103feebaa28f1991ca647fc72f3e85d8
raw_control_meta,/home/hugo_souto/Stuff/Research/Topological_Kinematics/research_review/results/g2/raw_controls/A/13/A_static_13_sigma0_stride1.meta.json,8aba68b08a310cd30776cf856c32721726dcecd009c9c833f28d8427f852ffcf
diagram_sequence,/home/hugo_souto/Stuff/Research/Topological_Kinematics/research_review/results/g2/diagrams/A/13/A_static_13_sigma0_stride1.npz,1820886e6f64f3c62bf2cdb9daa4f2c660791b542333b13fc99fe83223c9d281
diagram_meta,/home/hugo_souto/Stuff/Research/Topological_Kinematics/research_review/results/g2/diagrams/A/13/A_static_13_sigma0_stride1.meta.json,bcac172e73e6882fd39455638949fa60d3fe5aecf62339db2b76546a6c51c50d
raw_control,/home/hugo_souto/Stuff/Research/Topological_Kinematics/research_review/results/g2/raw_controls/A/13/A_static_13_sigma50_stride1.npz,4c8e0973a4462608e13f12f300162d7015e1fac0df86dda84c1b56b5c38a72f9
raw_control_meta,/home/hugo_souto/Stuff/Research/Topological_Kinematics/research_review/results/g2/raw_controls/A/13/A_static_13_sigma50_stride1.meta.json,aff08ed47979baba6d323e161bd61260898f2b265a64b1de50515c560b529a0f
diagram_sequence,/home/hugo_souto/Stuff/Research/Topological_Kinematics/research_review/results/g2/diagrams/A/13/A_static_13_sigma50_stride1.npz,7769dd88d55a8888a695c7284ad287030dfa1d0ee00e260cd09fcfa7531194b2
diagram_meta,/home/hugo_souto/Stuff/Research/Topological_Kinematics/research_review/results/g2/diagrams/A/13/A_static_13_sigma50_stride1.meta.json,4077946b7f9e9c802af25c0e134797a2d06ee48b351dbdda4d50fad35874a169
raw_control,/home/hugo_souto/Stuff/Research/Topological_Kinematics/research_review/results/g2/raw_controls/A/13/A_static_13_sigma100_stride1.npz,fe9102caff764d5138c1de5670203b8650030600b855e4bf08cae5c4389e0c4a
raw_control_meta,/home/hugo_souto/Stuff/Research/Topological_Kinematics/research_review/results/g2/raw_controls/A/13/A_static_13_sigma100_stride1.meta.json,5a6047d0a1eee2bd84cd3db1a20e6fc5a62b8e81c34d95ed1988679f4860f6c6
diagram_sequence,/home/hugo_souto/Stuff/Research/Topological_Kinematics/research_review/results/g2/diagrams/A/13/A_static_13_sigma100_stride1.npz,cb871f9e81c5411fba3e52ccfafa7f2622e0e58d2ef44c0dafc595d83d6890c2
diagram_meta,/home/hugo_souto/Stuff/Research/Topological_Kinematics/research_review/results/g2/diagrams/A/13/A_static_13_sigma100_stride1.meta.json,10bf8bd08c578cdb904a5b760342e446a0b1bb568f7b0f199294deebc3566d1c
raw_control,/home/hugo_souto/Stuff/Research/Topological_Kinematics/research_review/results/g2/raw_controls/A/14/A_static_14_sigma0_stride1.npz,2ce3657d6cabb56e89afa442cdd5c6edf50c5715cb7872969b848b34665ed4bf
raw_control_meta,/home/hugo_souto/Stuff/Research/Topological_Kinematics/research_review/results/g2/raw_controls/A/14/A_static_14_sigma0_stride1.meta.json,2d5db24a7333e53577d1de6150cd61c7159d43b44f9d2f0b3e8a7a10cbe8beba
diagram_sequence,/home/hugo_souto/Stuff/Research/Topological_Kinematics/research_review/results/g2/diagrams/A/14/A_static_14_sigma0_stride1.npz,16cd8afc17dd41268c4327b1ea56a2f9bdef50f6f6136362c4c99bb81f83f153
diagram_meta,/home/hugo_souto/Stuff/Research/Topological_Kinematics/research_review/results/g2/diagrams/A/14/A_static_14_sigma0_stride1.meta.json,183727c83505f4b955109dca9173e3160dd69308ef119dc0e37dbec368b29f7e
raw_control,/home/hugo_souto/Stuff/Research/Topological_Kinematics/research_review/results/g2/raw_controls/A/14/A_static_14_sigma50_stride1.npz,35c26bb4f48282fbc2cbd64c1a62a5d97eb928f2c8cb372c8c136ebbdc97f467
raw_control_meta,/home/hugo_souto/Stuff/Research/Topological_Kinematics/research_review/results/g2/raw_controls/A/14/A_static_14_sigma50_stride1.meta.json,cf024630b3600db1bc5c87ea273448e23cb34fd918f1fa9fbea52ff3c9b1a81e
diagram_sequence,/home/hugo_souto/Stuff/Research/Topological_Kinematics/research_review/results/g2/diagrams/A/14/A_static_14_sigma50_stride1.npz,813bb6ced63a5348fa3a2a103160a00ee9062e8b05e0b1105410fb05f9f6b379
diagram_meta,/home/hugo_souto/Stuff/Research/Topological_Kinematics/research_review/results/g2/diagrams/A/14/A_static_14_sigma50_stride1.meta.json,56762320f1086da9e2a1391bd7551904ee6f281feb23a7762c531ce97be4cb8b
raw_control,/home/hugo_souto/Stuff/Research/Topological_Kinematics/research_review/results/g2/raw_controls/A/14/A_static_14_sigma100_stride1.npz,971f0abb8b84d16fe427d2cb7ee5b876393aee10b679fec5b2e49952fe7f09c5
raw_control_meta,/home/hugo_souto/Stuff/Research/Topological_Kinematics/research_review/results/g2/raw_controls/A/14/A_static_14_sigma100_stride1.meta.json,8fac59937f172bf952f8304ccf9a467f017fc9402b77fec0648235188ef4fe3e
diagram_sequence,/home/hugo_souto/Stuff/Research/Topological_Kinematics/research_review/results/g2/diagrams/A/14/A_static_14_sigma100_stride1.npz,3fadd4d825f390cdfc27d29dfbe1f66bf3bf4fadddd148a79f434dcd7d46b752
diagram_meta,/home/hugo_souto/Stuff/Research/Topological_Kinematics/research_review/results/g2/diagrams/A/14/A_static_14_sigma100_stride1.meta.json,3b55418914d86bda15fde0265b31bbe5786f823da16d10157874dc2231746730
raw_control,/home/hugo_souto/Stuff/Research/Topological_Kinematics/research_review/results/g2/raw_controls/B/13/B_static_13_sigma0_stride1.npz,d528608c7f1d50372bb8b96014a7194ade2d9364b9f9af525a2c4606edab195c
raw_control_meta,/home/hugo_souto/Stuff/Research/Topological_Kinematics/research_review/results/g2/raw_controls/B/13/B_static_13_sigma0_stride1.meta.json,adbcf488a4df273104f5c750de8282c4466b0dc47f0e4a8edbc17239b6d93a60
diagram_sequence,/home/hugo_souto/Stuff/Research/Topological_Kinematics/research_review/results/g2/diagrams/B/13/B_static_13_sigma0_stride1.npz,428e2a21b0e53460090f7d2723572ee02fc3d6b8b1e18c1163d714b09b202ab2
diagram_meta,/home/hugo_souto/Stuff/Research/Topological_Kinematics/research_review/results/g2/diagrams/B/13/B_static_13_sigma0_stride1.meta.json,fa3afad16a3f291a3b13c13f7925105437a7039d2fa34a23470d45f7f6fed35b
raw_control,/home/hugo_souto/Stuff/Research/Topological_Kinematics/research_review/results/g2/raw_controls/B/13/B_static_13_sigma50_stride1.npz,1eafb710bbeab2948a761de767cbbbe981a3e8b205f65213d3af390bedaac874
raw_control_meta,/home/hugo_souto/Stuff/Research/Topological_Kinematics/research_review/results/g2/raw_controls/B/13/B_static_13_sigma50_stride1.meta.json,d70ce26a7f5068237393d93ab535e9ccc3c61b2c9d1e4154a50ff5b14833bbbb
diagram_sequence,/home/hugo_souto/Stuff/Research/Topological_Kinematics/research_review/results/g2/diagrams/B/13/B_static_13_sigma50_stride1.npz,d09095084559fa196d8f072809af378ccbd1347003a2bff72c6c7ab1ea3cdd58
diagram_meta,/home/hugo_souto/Stuff/Research/Topological_Kinematics/research_review/results/g2/diagrams/B/13/B_static_13_sigma50_stride1.meta.json,67979c047d27443e7c7439b0d959574ea5a16a2722d391e9714cd10c3012393c
raw_control,/home/hugo_souto/Stuff/Research/Topological_Kinematics/research_review/results/g2/raw_controls/B/13/B_static_13_sigma100_stride1.npz,90e8e23d2e7cb1f5d7e254f4efa0701076e707bcb30599ab49b1814c43a567b2
raw_control_meta,/home/hugo_souto/Stuff/Research/Topological_Kinematics/research_review/results/g2/raw_controls/B/13/B_static_13_sigma100_stride1.meta.json,2b56271f5040b09b1a72b20e2c11cc3755c77ad695702fa7ef4ef82d5e48d7eb
diagram_sequence,/home/hugo_souto/Stuff/Research/Topological_Kinematics/research_review/results/g2/diagrams/B/13/B_static_13_sigma100_stride1.npz,ecf01e5455c084f4447e18e4b08e8ce073e96dec22064253fe950050a42610ad
diagram_meta,/home/hugo_souto/Stuff/Research/Topological_Kinematics/research_review/results/g2/diagrams/B/13/B_static_13_sigma100_stride1.meta.json,c12ecd1a6450513a7aff01f386b65807e52deccf87c13540eea5d3f899fd88b3
raw_control,/home/hugo_souto/Stuff/Research/Topological_Kinematics/research_review/results/g2/raw_controls/B/14/B_static_14_sigma0_stride1.npz,13dcef1c6a6352d193b5fe8e0485a5a76852e6ea145f894588683f8e83251f4e
raw_control_meta,/home/hugo_souto/Stuff/Research/Topological_Kinematics/research_review/results/g2/raw_controls/B/14/B_static_14_sigma0_stride1.meta.json,1af2d883370b85d5d409b48e9ca70c69d64d5dc52a00cad6949e6633b45c8259
diagram_sequence,/home/hugo_souto/Stuff/Research/Topological_Kinematics/research_review/results/g2/diagrams/B/14/B_static_14_sigma0_stride1.npz,428e2a21b0e53460090f7d2723572ee02fc3d6b8b1e18c1163d714b09b202ab2
diagram_meta,/home/hugo_souto/Stuff/Research/Topological_Kinematics/research_review/results/g2/diagrams/B/14/B_static_14_sigma0_stride1.meta.json,88003d7615dd7c1d092c77d2a52107877f470cfa41e34844291ec65799894d79
raw_control,/home/hugo_souto/Stuff/Research/Topological_Kinematics/research_review/results/g2/raw_controls/B/14/B_static_14_sigma50_stride1.npz,01d522eaca779113d887fba0d10a9a931efaa1ea51ae852d7c737f99624a1c7b
raw_control_meta,/home/hugo_souto/Stuff/Research/Topological_Kinematics/research_review/results/g2/raw_controls/B/14/B_static_14_sigma50_stride1.meta.json,523e37575d86792f541322b55eb109bc5f02e0804523c51d2a2f19324a2009a5
diagram_sequence,/home/hugo_souto/Stuff/Research/Topological_Kinematics/research_review/results/g2/diagrams/B/14/B_static_14_sigma50_stride1.npz,f234a7c4ce601ac472313429633bd1cf1408e712167dd8c6a6da2f83abd7611e
diagram_meta,/home/hugo_souto/Stuff/Research/Topological_Kinematics/research_review/results/g2/diagrams/B/14/B_static_14_sigma50_stride1.meta.json,6ff02c19cf5c1424cc3627fab38e03eda269e07eeed07740d5d10e43fe356a4e
raw_control,/home/hugo_souto/Stuff/Research/Topological_Kinematics/research_review/results/g2/raw_controls/B/14/B_static_14_sigma100_stride1.npz,c81a06a2586b94496eea715d52d8c876b6e141cac215874baa686a113b1ac5d9
raw_control_meta,/home/hugo_souto/Stuff/Research/Topological_Kinematics/research_review/results/g2/raw_controls/B/14/B_static_14_sigma100_stride1.meta.json,cb5ad00f3f81bc5d431fe5ebcaa381f94cc41601be74f093807176b3c2c61b72
diagram_sequence,/home/hugo_souto/Stuff/Research/Topological_Kinematics/research_review/results/g2/diagrams/B/14/B_static_14_sigma100_stride1.npz,fafe5e44e4511c758decd6f27ed8565e21ca97bc9b0a9de56a9c98370b106be9
diagram_meta,/home/hugo_souto/Stuff/Research/Topological_Kinematics/research_review/results/g2/diagrams/B/14/B_static_14_sigma100_stride1.meta.json,5b04bad72cdcb04a0048669a45359421916389e876a6b527f97874925b65b826
raw_control,/home/hugo_souto/Stuff/Research/Topological_Kinematics/research_review/results/g2/raw_controls/A/13/A_snapshot_z1.0_13_sigma0_stride1.npz,f3d8f05fb7aaa9f6861f6b68fcc2618445ea24376ba7213558ed7cf9b0944877
raw_control_meta,/home/hugo_souto/Stuff/Research/Topological_Kinematics/research_review/results/g2/raw_controls/A/13/A_snapshot_z1.0_13_sigma0_stride1.meta.json,e01ea19ae798ac66d982d09f804ee6e3f7af0b5fe2e5ea0059d880b1ccd9b39f
diagram_sequence,/home/hugo_souto/Stuff/Research/Topological_Kinematics/research_review/results/g2/diagrams/A/13/A_snapshot_z1.0_13_sigma0_stride1.npz,f40752fe0d16ed3726ac443e9e5fefc7d0b36393fb9305501e0d722605fbdb62
diagram_meta,/home/hugo_souto/Stuff/Research/Topological_Kinematics/research_review/results/g2/diagrams/A/13/A_snapshot_z1.0_13_sigma0_stride1.meta.json,d3cdd2bad61ea718199874093a63f425d59423a71f7a9de18247d8cfd22af436
raw_control,/home/hugo_souto/Stuff/Research/Topological_Kinematics/research_review/results/g2/raw_controls/A/13/A_snapshot_z2.0_13_sigma0_stride1.npz,9d38e41c18462161778a0fdf7cd1bff17cef99e4390ddff46d8e759fbdae0574
raw_control_meta,/home/hugo_souto/Stuff/Research/Topological_Kinematics/research_review/results/g2/raw_controls/A/13/A_snapshot_z2.0_13_sigma0_stride1.meta.json,91fd0e50dd76bdb9641df29e73d2ff82755f02db544bf5d9cbe48708cf87788b
diagram_sequence,/home/hugo_souto/Stuff/Research/Topological_Kinematics/research_review/results/g2/diagrams/A/13/A_snapshot_z2.0_13_sigma0_stride1.npz,e8314f2a9e7bf49db47abbb5522c9c92974d47194ffaf83685ddc2d7118eef1e
diagram_meta,/home/hugo_souto/Stuff/Research/Topological_Kinematics/research_review/results/g2/diagrams/A/13/A_snapshot_z2.0_13_sigma0_stride1.meta.json,97e79e652ad2b0a11b2195b8078e37602c6c2946048c24db22ff9a4215986049
raw_control,/home/hugo_souto/Stuff/Research/Topological_Kinematics/research_review/results/g2/raw_controls/A/13/A_snapshot_z1.0_13_sigma50_stride1.npz,e48cee023d8f9842d2f360945e0a02f640618f2c68d357f0c4b9a2c81673358f
raw_control_meta,/home/hugo_souto/Stuff/Research/Topological_Kinematics/research_review/results/g2/raw_controls/A/13/A_snapshot_z1.0_13_sigma50_stride1.meta.json,4192d328ec196c8bb3ff886b12fe8405bc2139fc7080847278cbc31ddadf8334
diagram_sequence,/home/hugo_souto/Stuff/Research/Topological_Kinematics/research_review/results/g2/diagrams/A/13/A_snapshot_z1.0_13_sigma50_stride1.npz,d2311f5b6c347a01f17da682e3be42dcef19ab6a2b2bbd04dbdce9cd36c5983d
diagram_meta,/home/hugo_souto/Stuff/Research/Topological_Kinematics/research_review/results/g2/diagrams/A/13/A_snapshot_z1.0_13_sigma50_stride1.meta.json,7d5ed5cb239d59f7d2e57f776d6fdff69f1162855282bab1e5ab5726c4517bf3
raw_control,/home/hugo_souto/Stuff/Research/Topological_Kinematics/research_review/results/g2/raw_controls/A/13/A_snapshot_z2.0_13_sigma50_stride1.npz,6638410697e65695620183bd9a693800f6e05d09b485ba4e53dbf495f830ecfd
raw_control_meta,/home/hugo_souto/Stuff/Research/Topological_Kinematics/research_review/results/g2/raw_controls/A/13/A_snapshot_z2.0_13_sigma50_stride1.meta.json,aa9b99e80ccb314d7839ffabd6a9eab1a5a79bdf21dbbadb23388bba8f29882c
diagram_sequence,/home/hugo_souto/Stuff/Research/Topological_Kinematics/research_review/results/g2/diagrams/A/13/A_snapshot_z2.0_13_sigma50_stride1.npz,cd9cccd16fe25d96e4f35d69e5dd31d6f6e91899269faaf32d6507943ed7c60e
diagram_meta,/home/hugo_souto/Stuff/Research/Topological_Kinematics/research_review/results/g2/diagrams/A/13/A_snapshot_z2.0_13_sigma50_stride1.meta.json,18c1295ae018f2f92c12071c9b6e9176d35f4cf4f0c14714faa6a06026e7f8a7
raw_control,/home/hugo_souto/Stuff/Research/Topological_Kinematics/research_review/results/g2/raw_controls/A/13/A_snapshot_z1.0_13_sigma100_stride1.npz,ca34144ae7edd2cba684bb7a169019085f20979f0307aa6868001588aee7303e
raw_control_meta,/home/hugo_souto/Stuff/Research/Topological_Kinematics/research_review/results/g2/raw_controls/A/13/A_snapshot_z1.0_13_sigma100_stride1.meta.json,934599c5b9185f20bdd362569ff1212b36d9434dd3024882498059752245e382
diagram_sequence,/home/hugo_souto/Stuff/Research/Topological_Kinematics/research_review/results/g2/diagrams/A/13/A_snapshot_z1.0_13_sigma100_stride1.npz,b4c34802dfc203d618bcbaed1ba6228336bb2d86fc16fec3a6dacae1c4864cd9
diagram_meta,/home/hugo_souto/Stuff/Research/Topological_Kinematics/research_review/results/g2/diagrams/A/13/A_snapshot_z1.0_13_sigma100_stride1.meta.json,59740e5d1c2f7ab19e4ef960d26ebb99b7a1e9cda8b1da92c0e0a546d96e0392
raw_control,/home/hugo_souto/Stuff/Research/Topological_Kinematics/research_review/results/g2/raw_controls/A/13/A_snapshot_z2.0_13_sigma100_stride1.npz,b2337c560980ef6f21934f8a7f1dde17fba6bb52a78a2edd48f3e4d67216caf7
raw_control_meta,/home/hugo_souto/Stuff/Research/Topological_Kinematics/research_review/results/g2/raw_controls/A/13/A_snapshot_z2.0_13_sigma100_stride1.meta.json,c1266f724f197d0e1e7956f2b8b7c25b1c7d7234a062d2e2246ec817315eced8
diagram_sequence,/home/hugo_souto/Stuff/Research/Topological_Kinematics/research_review/results/g2/diagrams/A/13/A_snapshot_z2.0_13_sigma100_stride1.npz,5cb312637599160852f8d2e6a2c59ed6ffe90bde57d45daa33ee737c97f01f32
diagram_meta,/home/hugo_souto/Stuff/Research/Topological_Kinematics/research_review/results/g2/diagrams/A/13/A_snapshot_z2.0_13_sigma100_stride1.meta.json,c5005d70c9351071b229161647bc8c3ca41748cf21fbc678c6aec56d8bb4f6f1
raw_control,/home/hugo_souto/Stuff/Research/Topological_Kinematics/research_review/results/g2/raw_controls/A/14/A_snapshot_z1.0_14_sigma0_stride1.npz,75da63c78562924334a96f65e6792ac26a73a6e722367e99645ec41e3798a869
raw_control_meta,/home/hugo_souto/Stuff/Research/Topological_Kinematics/research_review/results/g2/raw_controls/A/14/A_snapshot_z1.0_14_sigma0_stride1.meta.json,ef5ef3cd08621d07814b94035bb6dc484f1900ea88fcdbbfdfc5fe09d4fa2bd0
diagram_sequence,/home/hugo_souto/Stuff/Research/Topological_Kinematics/research_review/results/g2/diagrams/A/14/A_snapshot_z1.0_14_sigma0_stride1.npz,76e185a8fdb148fea63695460cf6d78b6cbe64fac2974b764c420fd79c7469ab
diagram_meta,/home/hugo_souto/Stuff/Research/Topological_Kinematics/research_review/results/g2/diagrams/A/14/A_snapshot_z1.0_14_sigma0_stride1.meta.json,556cebd0bb432bea475600990b0be2a6d2dad20bf06d458d5f66fb8db1ecdddd
raw_control,/home/hugo_souto/Stuff/Research/Topological_Kinematics/research_review/results/g2/raw_controls/A/14/A_snapshot_z2.0_14_sigma0_stride1.npz,859f6780cacf774b8e7f8509b77f042080cc55261faafff7d9cb4f15db68703f
raw_control_meta,/home/hugo_souto/Stuff/Research/Topological_Kinematics/research_review/results/g2/raw_controls/A/14/A_snapshot_z2.0_14_sigma0_stride1.meta.json,4999a404080755f0724d315508f3a743e3ba9e0fb628075929f8fa48460ece14
diagram_sequence,/home/hugo_souto/Stuff/Research/Topological_Kinematics/research_review/results/g2/diagrams/A/14/A_snapshot_z2.0_14_sigma0_stride1.npz,ee18d30dbd50d665dafe94a990cce319c9e2ea062ae8fff2e415055a2295835a
diagram_meta,/home/hugo_souto/Stuff/Research/Topological_Kinematics/research_review/results/g2/diagrams/A/14/A_snapshot_z2.0_14_sigma0_stride1.meta.json,23de5cacb672fee95361d68a164862933ae0330c699486ddff575693529e102e
raw_control,/home/hugo_souto/Stuff/Research/Topological_Kinematics/research_review/results/g2/raw_controls/A/14/A_snapshot_z1.0_14_sigma50_stride1.npz,a69f916e243007bab55bda34adaa71532af0a8ac57645bd78adb0ec3c74f4bf5
raw_control_meta,/home/hugo_souto/Stuff/Research/Topological_Kinematics/research_review/results/g2/raw_controls/A/14/A_snapshot_z1.0_14_sigma50_stride1.meta.json,aedf2a40b050f016b198741620c92bbf2060cb9d5ef69ccc838554c8845c45b5
diagram_sequence,/home/hugo_souto/Stuff/Research/Topological_Kinematics/research_review/results/g2/diagrams/A/14/A_snapshot_z1.0_14_sigma50_stride1.npz,c4f14159c32e9a1d849d1ccc038313834f5b020527604a702e48d3d1566d44cc
diagram_meta,/home/hugo_souto/Stuff/Research/Topological_Kinematics/research_review/results/g2/diagrams/A/14/A_snapshot_z1.0_14_sigma50_stride1.meta.json,d6d3ba41e093ff73f7fc9dafd20ff952d3df2d5e2c57400db5ea9457ee0a2fc6
raw_control,/home/hugo_souto/Stuff/Research/Topological_Kinematics/research_review/results/g2/raw_controls/A/14/A_snapshot_z2.0_14_sigma50_stride1.npz,19e2f99fcd9c00835f150a5d783b0e541281d400a24e5de1bbf3d95d8165a931
raw_control_meta,/home/hugo_souto/Stuff/Research/Topological_Kinematics/research_review/results/g2/raw_controls/A/14/A_snapshot_z2.0_14_sigma50_stride1.meta.json,47e91cb68a9209ceee875c06479151b5a916a58ee5ca354b7e72a6f81a7477d2
diagram_sequence,/home/hugo_souto/Stuff/Research/Topological_Kinematics/research_review/results/g2/diagrams/A/14/A_snapshot_z2.0_14_sigma50_stride1.npz,636c6ed9003d9841dbf15ed727bb5cd392f3aaffb5dd055c7e30625890b236f5
diagram_meta,/home/hugo_souto/Stuff/Research/Topological_Kinematics/research_review/results/g2/diagrams/A/14/A_snapshot_z2.0_14_sigma50_stride1.meta.json,94f752404d794451a896202038877bfedc31778e68754b38c00078399507ba68
raw_control,/home/hugo_souto/Stuff/Research/Topological_Kinematics/research_review/results/g2/raw_controls/A/14/A_snapshot_z1.0_14_sigma100_stride1.npz,95c5e99f65d5365a5f592b0aef0919190d5643cc178c0432c51448608da3a539
raw_control_meta,/home/hugo_souto/Stuff/Research/Topological_Kinematics/research_review/results/g2/raw_controls/A/14/A_snapshot_z1.0_14_sigma100_stride1.meta.json,f360ac33a2083e77dc86243c8dd7412c5d510d158325dbfa779185b0cfca8f8f
diagram_sequence,/home/hugo_souto/Stuff/Research/Topological_Kinematics/research_review/results/g2/diagrams/A/14/A_snapshot_z1.0_14_sigma100_stride1.npz,7d72a76eb54104167cb8363c6afb1f5d45cbe4c7f87ad5cc4eb13300ed949044
diagram_meta,/home/hugo_souto/Stuff/Research/Topological_Kinematics/research_review/results/g2/diagrams/A/14/A_snapshot_z1.0_14_sigma100_stride1.meta.json,94cfe8d2b8086b2aab7b5c89b686322f00c2e468b9b5a03ddd1653b7ae10cd29
raw_control,/home/hugo_souto/Stuff/Research/Topological_Kinematics/research_review/results/g2/raw_controls/A/14/A_snapshot_z2.0_14_sigma100_stride1.npz,c215b856ca5c203b3f0913da429547423b0f5a9f3fd57e6d0643cd49bfb10b0a
raw_control_meta,/home/hugo_souto/Stuff/Research/Topological_Kinematics/research_review/results/g2/raw_controls/A/14/A_snapshot_z2.0_14_sigma100_stride1.meta.json,e5ab5fa04bf019663e9c9723499009255eda3fe9ae34bb79f09a020110aab14a
diagram_sequence,/home/hugo_souto/Stuff/Research/Topological_Kinematics/research_review/results/g2/diagrams/A/14/A_snapshot_z2.0_14_sigma100_stride1.npz,57962760c5624798529b867192ce501ce78a6f2f40cfc68ef7da0a42c9454cca
diagram_meta,/home/hugo_souto/Stuff/Research/Topological_Kinematics/research_review/results/g2/diagrams/A/14/A_snapshot_z2.0_14_sigma100_stride1.meta.json,694b5e3d735edb9c269bf40ccad98246ae2d19d53584f7ea20dd181c1d086da9
raw_control,/home/hugo_souto/Stuff/Research/Topological_Kinematics/research_review/results/g2/raw_controls/B/13/B_snapshot_z1.0_13_sigma0_stride1.npz,6450a06375abde83e395907103aba1716e24fcd388610d9cde0d7c1a552ecb0f
raw_control_meta,/home/hugo_souto/Stuff/Research/Topological_Kinematics/research_review/results/g2/raw_controls/B/13/B_snapshot_z1.0_13_sigma0_stride1.meta.json,cb4fa1ab30c4631f733eafef8e38a4854283e87628c86c4b09a64465c15ccfb9
diagram_sequence,/home/hugo_souto/Stuff/Research/Topological_Kinematics/research_review/results/g2/diagrams/B/13/B_snapshot_z1.0_13_sigma0_stride1.npz,ff89490ffc52a2a7df15130d26c6f91865d51aa5bd118a35c6a32baefc511cdc
diagram_meta,/home/hugo_souto/Stuff/Research/Topological_Kinematics/research_review/results/g2/diagrams/B/13/B_snapshot_z1.0_13_sigma0_stride1.meta.json,584cf1b660628f3509d2c1915e9fcd2a0f59e2f39308c5291e193d1ade61683f
raw_control,/home/hugo_souto/Stuff/Research/Topological_Kinematics/research_review/results/g2/raw_controls/B/13/B_snapshot_z2.0_13_sigma0_stride1.npz,6a8abefd03538e9ed5d91e7bea4840d455f32577508219cbe34fb03eb01b6571
raw_control_meta,/home/hugo_souto/Stuff/Research/Topological_Kinematics/research_review/results/g2/raw_controls/B/13/B_snapshot_z2.0_13_sigma0_stride1.meta.json,9f33392df94bebe0fffaae616fa059888c8cfaf74fd1f4072740c3ea1419d57c
diagram_sequence,/home/hugo_souto/Stuff/Research/Topological_Kinematics/research_review/results/g2/diagrams/B/13/B_snapshot_z2.0_13_sigma0_stride1.npz,1270d76daac5f8194c157916495b5eab94ac5cbaa51f4097332b207ab3c210cc
diagram_meta,/home/hugo_souto/Stuff/Research/Topological_Kinematics/research_review/results/g2/diagrams/B/13/B_snapshot_z2.0_13_sigma0_stride1.meta.json,1d3603fa28960c408d87508d3aa8c2276c1b2cc6031c6dc65b91d7826c56fdfe
raw_control,/home/hugo_souto/Stuff/Research/Topological_Kinematics/research_review/results/g2/raw_controls/B/13/B_snapshot_z1.0_13_sigma50_stride1.npz,c2a83fb2a0a9d6c0dd99d92317458ba8ccad81fe31a67f35109f981f2cb891a0
raw_control_meta,/home/hugo_souto/Stuff/Research/Topological_Kinematics/research_review/results/g2/raw_controls/B/13/B_snapshot_z1.0_13_sigma50_stride1.meta.json,e3aeaea8a6efa9434b6e4740bbcb100129ef30037688a5c269d677ed037a4629
diagram_sequence,/home/hugo_souto/Stuff/Research/Topological_Kinematics/research_review/results/g2/diagrams/B/13/B_snapshot_z1.0_13_sigma50_stride1.npz,3d536d3b293c46bc9af119f94b14616869b66fe233f6fd0da6cb2518e3889d0a
diagram_meta,/home/hugo_souto/Stuff/Research/Topological_Kinematics/research_review/results/g2/diagrams/B/13/B_snapshot_z1.0_13_sigma50_stride1.meta.json,811351dff80333bafe7ae87be236302f1bf94b797abae9898395368ebc1bb47b
raw_control,/home/hugo_souto/Stuff/Research/Topological_Kinematics/research_review/results/g2/raw_controls/B/13/B_snapshot_z2.0_13_sigma50_stride1.npz,ffd8307a2a0d87fc7f6c47e109a07b21c15e1f7fa026e7c99098e4d7d480debc
raw_control_meta,/home/hugo_souto/Stuff/Research/Topological_Kinematics/research_review/results/g2/raw_controls/B/13/B_snapshot_z2.0_13_sigma50_stride1.meta.json,dea2414c1a3f257f48177aad847d8854211e568e9dd418368154c2d8bcec0911
diagram_sequence,/home/hugo_souto/Stuff/Research/Topological_Kinematics/research_review/results/g2/diagrams/B/13/B_snapshot_z2.0_13_sigma50_stride1.npz,6b03210a01977bf592ed7e840674a6111d5524dd2a4edd1d32ad3af238a1e1a2
diagram_meta,/home/hugo_souto/Stuff/Research/Topological_Kinematics/research_review/results/g2/diagrams/B/13/B_snapshot_z2.0_13_sigma50_stride1.meta.json,54a278d9071f1567bbb8f89a781151f91f9f1e4bc92e32c9edef2b7d304e7d9c
raw_control,/home/hugo_souto/Stuff/Research/Topological_Kinematics/research_review/results/g2/raw_controls/B/13/B_snapshot_z1.0_13_sigma100_stride1.npz,31b0f76353728bfd1ec01c9b1eab91fcec2853b6425374177774215705747e8b
raw_control_meta,/home/hugo_souto/Stuff/Research/Topological_Kinematics/research_review/results/g2/raw_controls/B/13/B_snapshot_z1.0_13_sigma100_stride1.meta.json,192499a348a005b37252da79b103d378721b11bbf902193aa8bc389f0294666c
diagram_sequence,/home/hugo_souto/Stuff/Research/Topological_Kinematics/research_review/results/g2/diagrams/B/13/B_snapshot_z1.0_13_sigma100_stride1.npz,a968457de080375726912b1d7692da8882439e83ba073adcd54965bf75188fbe
diagram_meta,/home/hugo_souto/Stuff/Research/Topological_Kinematics/research_review/results/g2/diagrams/B/13/B_snapshot_z1.0_13_sigma100_stride1.meta.json,53947a43dccfb73ef7d3899e1ecaef869bd6781eaa30bc82f1a4a56e2472d504
raw_control,/home/hugo_souto/Stuff/Research/Topological_Kinematics/research_review/results/g2/raw_controls/B/13/B_snapshot_z2.0_13_sigma100_stride1.npz,02847c54d6a64f3a8ce34df735eb601c094ccb1275639c3facc68bc9451f4447
raw_control_meta,/home/hugo_souto/Stuff/Research/Topological_Kinematics/research_review/results/g2/raw_controls/B/13/B_snapshot_z2.0_13_sigma100_stride1.meta.json,4cb0c57ba4ef1f8c8310aa53188a6cdc2dbaee184f8e95db98ad885711259f5d
diagram_sequence,/home/hugo_souto/Stuff/Research/Topological_Kinematics/research_review/results/g2/diagrams/B/13/B_snapshot_z2.0_13_sigma100_stride1.npz,1a7ac29ebd980af455ff3c8e72de457aaf25ebb4897846289ff8a23fc0282dea
diagram_meta,/home/hugo_souto/Stuff/Research/Topological_Kinematics/research_review/results/g2/diagrams/B/13/B_snapshot_z2.0_13_sigma100_stride1.meta.json,86ba8bd8cbada9d515cf2faf2a0e03d3360f876eab73706a2dcf5904c97c4680
raw_control,/home/hugo_souto/Stuff/Research/Topological_Kinematics/research_review/results/g2/raw_controls/B/14/B_snapshot_z1.0_14_sigma0_stride1.npz,479b15007fa41183d50a76903c9ca04727be5eaf67679716235fcf225c6a4d64
raw_control_meta,/home/hugo_souto/Stuff/Research/Topological_Kinematics/research_review/results/g2/raw_controls/B/14/B_snapshot_z1.0_14_sigma0_stride1.meta.json,52c844845479abdf5c871cdd224a7b3f6706f00d151b36bc0e6b9519dc8a55af
diagram_sequence,/home/hugo_souto/Stuff/Research/Topological_Kinematics/research_review/results/g2/diagrams/B/14/B_snapshot_z1.0_14_sigma0_stride1.npz,c32a8bccd925e5cb82b2caadfa461c66dfd9777b7e77ff0491cee5eaa4db31e4
diagram_meta,/home/hugo_souto/Stuff/Research/Topological_Kinematics/research_review/results/g2/diagrams/B/14/B_snapshot_z1.0_14_sigma0_stride1.meta.json,eb363393d04c55c4140f562a22284d2910f0bc02996cff7198baa29673df7394
raw_control,/home/hugo_souto/Stuff/Research/Topological_Kinematics/research_review/results/g2/raw_controls/B/14/B_snapshot_z2.0_14_sigma0_stride1.npz,1f517ae2dc201ac683bd6bd2b20656967aa84739c2149243567c88e463a9db2e
raw_control_meta,/home/hugo_souto/Stuff/Research/Topological_Kinematics/research_review/results/g2/raw_controls/B/14/B_snapshot_z2.0_14_sigma0_stride1.meta.json,7ca6369f4f086b4681cc0cdfe89588e1cbe0034630247b26b164305723470571
diagram_sequence,/home/hugo_souto/Stuff/Research/Topological_Kinematics/research_review/results/g2/diagrams/B/14/B_snapshot_z2.0_14_sigma0_stride1.npz,8409e8c8e35fe3a2e46d57394ecf3e8880621f8ff3c8f486400e3d9fe78159e5
diagram_meta,/home/hugo_souto/Stuff/Research/Topological_Kinematics/research_review/results/g2/diagrams/B/14/B_snapshot_z2.0_14_sigma0_stride1.meta.json,bc7c520beec647de4ea3b28a7203c4f7073ecc9d1cdf169b8d19a10900858a51
raw_control,/home/hugo_souto/Stuff/Research/Topological_Kinematics/research_review/results/g2/raw_controls/B/14/B_snapshot_z1.0_14_sigma50_stride1.npz,8e6dc1235a805a0d57d8d420564d083bfe862a88e01377a2203fb08749c20666
raw_control_meta,/home/hugo_souto/Stuff/Research/Topological_Kinematics/research_review/results/g2/raw_controls/B/14/B_snapshot_z1.0_14_sigma50_stride1.meta.json,c91add111d52eb4c0c99ef157a5e7107f989e058fe517604aede26bd6c59c7d8
diagram_sequence,/home/hugo_souto/Stuff/Research/Topological_Kinematics/research_review/results/g2/diagrams/B/14/B_snapshot_z1.0_14_sigma50_stride1.npz,571aed62bdbece26802cf304ad3600e900f723dc092087d9f318ea0c27eb41ca
diagram_meta,/home/hugo_souto/Stuff/Research/Topological_Kinematics/research_review/results/g2/diagrams/B/14/B_snapshot_z1.0_14_sigma50_stride1.meta.json,c6f3947e125a0803bbf5a7e1ff837e7b219648f3bb82c2b80404b69169ed5ef4
raw_control,/home/hugo_souto/Stuff/Research/Topological_Kinematics/research_review/results/g2/raw_controls/B/14/B_snapshot_z2.0_14_sigma50_stride1.npz,5c8bf037ccf0e232340e58d61c9c63516df781c6793f1b99d2b169fe09188b3c
raw_control_meta,/home/hugo_souto/Stuff/Research/Topological_Kinematics/research_review/results/g2/raw_controls/B/14/B_snapshot_z2.0_14_sigma50_stride1.meta.json,c450af2af1e1ca1520120b7ba2f64b5046b404420ae3cd72049f9d636cf5a2ea
diagram_sequence,/home/hugo_souto/Stuff/Research/Topological_Kinematics/research_review/results/g2/diagrams/B/14/B_snapshot_z2.0_14_sigma50_stride1.npz,c3b2d7fcb28e5ec1dc05a39420ab81df59d4b21dc6fbd360b7be7428d41732d8
diagram_meta,/home/hugo_souto/Stuff/Research/Topological_Kinematics/research_review/results/g2/diagrams/B/14/B_snapshot_z2.0_14_sigma50_stride1.meta.json,0d5fead6de561b0d228bb936b28b834dea9f46d83bd3bdb163b1e3ad01482aba
raw_control,/home/hugo_souto/Stuff/Research/Topological_Kinematics/research_review/results/g2/raw_controls/B/14/B_snapshot_z1.0_14_sigma100_stride1.npz,e6638a037010a925d96195d40705f91f67ed69e805d64fc3daf8dab46d049b18
raw_control_meta,/home/hugo_souto/Stuff/Research/Topological_Kinematics/research_review/results/g2/raw_controls/B/14/B_snapshot_z1.0_14_sigma100_stride1.meta.json,a88e54e8604a8f51fe65bf6a8f4d3c1bba26312e6004b49a0585f7b2f396b923
diagram_sequence,/home/hugo_souto/Stuff/Research/Topological_Kinematics/research_review/results/g2/diagrams/B/14/B_snapshot_z1.0_14_sigma100_stride1.npz,6f2b88fd4725487d29e50e238c6ce79920f122c46461c8ff26175c9143fe4fbb
diagram_meta,/home/hugo_souto/Stuff/Research/Topological_Kinematics/research_review/results/g2/diagrams/B/14/B_snapshot_z1.0_14_sigma100_stride1.meta.json,af3b5330732a1153894237319a9ec189c4a8993a2c83a44fe8294e9b5acef812
raw_control,/home/hugo_souto/Stuff/Research/Topological_Kinematics/research_review/results/g2/raw_controls/B/14/B_snapshot_z2.0_14_sigma100_stride1.npz,034e9d48e9933b59f8e54828ab2a2f37d2035dc82d47321894545f1f8da1bb79
raw_control_meta,/home/hugo_souto/Stuff/Research/Topological_Kinematics/research_review/results/g2/raw_controls/B/14/B_snapshot_z2.0_14_sigma100_stride1.meta.json,b60eeb457dcdc3244c25b33f11aa46f220cb17cd314c6610ceae4d4a368af7f8
diagram_sequence,/home/hugo_souto/Stuff/Research/Topological_Kinematics/research_review/results/g2/diagrams/B/14/B_snapshot_z2.0_14_sigma100_stride1.npz,822e7be6d3a35f2e25c2283c1019fb0e67006cb6078fd7412bdc117c1f11d5b8
diagram_meta,/home/hugo_souto/Stuff/Research/Topological_Kinematics/research_review/results/g2/diagrams/B/14/B_snapshot_z2.0_14_sigma100_stride1.meta.json,1cbefd6146b83689e11ee22e7837186cc0af153e40550d0bd0bd87f258389081
raw_control,/home/hugo_souto/Stuff/Research/Topological_Kinematics/research_review/results/g2/raw_controls/A/11/A_ramp_11_sigma0_points32.npz,268eafdcf8e49c056f08e45572595ac608a2651890d8ec7faa7ac32f69a24608
raw_control_meta,/home/hugo_souto/Stuff/Research/Topological_Kinematics/research_review/results/g2/raw_controls/A/11/A_ramp_11_sigma0_points32.meta.json,8f021e62c2898734a80fd44b8cc0e61705a66ca24f6ce0e6c4e10b3fae16b4f7
diagram_sequence,/home/hugo_souto/Stuff/Research/Topological_Kinematics/research_review/results/g2/diagrams/A/11/A_ramp_11_sigma0_points32.npz,e4d9658bf6583f981d9f522b112845d1e84ec34ae6539c732ea85b5f0ea690dd
diagram_meta,/home/hugo_souto/Stuff/Research/Topological_Kinematics/research_review/results/g2/diagrams/A/11/A_ramp_11_sigma0_points32.meta.json,748bd1efede2e6b9af927fdc130500f41b78b3aaa69f8413bbb79a4bfc2cea6b
raw_control,/home/hugo_souto/Stuff/Research/Topological_Kinematics/research_review/results/g2/raw_controls/A/11/A_ramp_11_sigma0_points16.npz,a8e6afca4d6204c81936d9494e3bf0f393c23b3a384f46e387d8b1f6c6cd0e22
raw_control_meta,/home/hugo_souto/Stuff/Research/Topological_Kinematics/research_review/results/g2/raw_controls/A/11/A_ramp_11_sigma0_points16.meta.json,7f2d2dea1c8db5a1e9fe0a874ad9e7ee63452f9b635a3dfcda7c99bf21cef20c
diagram_sequence,/home/hugo_souto/Stuff/Research/Topological_Kinematics/research_review/results/g2/diagrams/A/11/A_ramp_11_sigma0_points16.npz,e7ffca700e398266bac08fcfc646d0862bfbc61cd78859fecb46121590c1d733
diagram_meta,/home/hugo_souto/Stuff/Research/Topological_Kinematics/research_review/results/g2/diagrams/A/11/A_ramp_11_sigma0_points16.meta.json,2c45052b3f9fb54c3e08aa7f7a87f4881f066fdcddfbbbed5059e5b6a01fbe46
raw_control,/home/hugo_souto/Stuff/Research/Topological_Kinematics/research_review/results/g2/raw_controls/A/12/A_ramp_12_sigma0_points32.npz,5440cb8fa7d5bc12d73e3d44cf57b379a9a724317b90bbc2c572162a3c0f0f1a
raw_control_meta,/home/hugo_souto/Stuff/Research/Topological_Kinematics/research_review/results/g2/raw_controls/A/12/A_ramp_12_sigma0_points32.meta.json,ac8c6588a3c1059bccdb4d0a4243753456d835f45806074d1f689c3cc645eafb
diagram_sequence,/home/hugo_souto/Stuff/Research/Topological_Kinematics/research_review/results/g2/diagrams/A/12/A_ramp_12_sigma0_points32.npz,ac0b8bfd681b7d3bff5b52f6cd70244f96da92b91309a328ddaf930c1fe7147f
diagram_meta,/home/hugo_souto/Stuff/Research/Topological_Kinematics/research_review/results/g2/diagrams/A/12/A_ramp_12_sigma0_points32.meta.json,bd50473e407ff8495a1a929091bedf5eb04de097a1bad946aaa40ea80d42679d
raw_control,/home/hugo_souto/Stuff/Research/Topological_Kinematics/research_review/results/g2/raw_controls/A/12/A_ramp_12_sigma0_points16.npz,90e26da11a2b5a351d83cc84fe609d0c86ba14a8cb1e0c67281b32147aedc917
raw_control_meta,/home/hugo_souto/Stuff/Research/Topological_Kinematics/research_review/results/g2/raw_controls/A/12/A_ramp_12_sigma0_points16.meta.json,7f4719f02eede818d8b4ae03581cb9dcc1adcae8e238f63ecc24e7a8af4c4a06
diagram_sequence,/home/hugo_souto/Stuff/Research/Topological_Kinematics/research_review/results/g2/diagrams/A/12/A_ramp_12_sigma0_points16.npz,ff0e709bc23626ef5dd93e80f7a93c7560cf76a955e158a03e3fb69d1ca77a2d
diagram_meta,/home/hugo_souto/Stuff/Research/Topological_Kinematics/research_review/results/g2/diagrams/A/12/A_ramp_12_sigma0_points16.meta.json,94894b5557189b93f3ffef57ce0cdbf34d8466da95ce3ee361110a391e7a171a
raw_control,/home/hugo_souto/Stuff/Research/Topological_Kinematics/research_review/results/g2/raw_controls/B/11/B_ramp_11_sigma0_grid16.npz,20e3bbfae067ef327e4213a87f51e3741fe7966d2254582c181876eb0b1844a6
raw_control_meta,/home/hugo_souto/Stuff/Research/Topological_Kinematics/research_review/results/g2/raw_controls/B/11/B_ramp_11_sigma0_grid16.meta.json,ade9a48167ad8c3367a4dd1d9bd1e6d43c9bea7f54dead25d38b1e9add592d05
diagram_sequence,/home/hugo_souto/Stuff/Research/Topological_Kinematics/research_review/results/g2/diagrams/B/11/B_ramp_11_sigma0_grid16.npz,7d38b8a6a55ff58d08651129d1e523f7e9e0aca055e535d4eed0e8c49fda77d6
diagram_meta,/home/hugo_souto/Stuff/Research/Topological_Kinematics/research_review/results/g2/diagrams/B/11/B_ramp_11_sigma0_grid16.meta.json,7255c981548abf103028eda1d6821beb5cba67413a5217983a537713c2ba9a46
raw_control,/home/hugo_souto/Stuff/Research/Topological_Kinematics/research_review/results/g2/raw_controls/B/12/B_ramp_12_sigma0_grid16.npz,37d3af030653a1f7dca60d8785af903ba91310583a1af2bb61df0d5a790e06eb
raw_control_meta,/home/hugo_souto/Stuff/Research/Topological_Kinematics/research_review/results/g2/raw_controls/B/12/B_ramp_12_sigma0_grid16.meta.json,4f2360968b8e0aee28cec5bfea06a6b35b3942fb7fa0f2c18334ddcdf97f81ac
diagram_sequence,/home/hugo_souto/Stuff/Research/Topological_Kinematics/research_review/results/g2/diagrams/B/12/B_ramp_12_sigma0_grid16.npz,bb24ead7136fddc61c4dadf076618a7f4248a511169ba41d8d65eee172fadd3b
diagram_meta,/home/hugo_souto/Stuff/Research/Topological_Kinematics/research_review/results/g2/diagrams/B/12/B_ramp_12_sigma0_grid16.meta.json,306f6d3a819b157d97fdc1ce4ad9da24f2d99b694cb5ca15ffd8c651ed82c4e5
raw_control,/home/hugo_souto/Stuff/Research/Topological_Kinematics/research_review/results/g2/raw_controls/A/11/A_translation_11_sigma0_stride1.npz,97e405fa1d5881246217668bbf85e22c9fcb1937b543945e1b2d31868853688c
raw_control_meta,/home/hugo_souto/Stuff/Research/Topological_Kinematics/research_review/results/g2/raw_controls/A/11/A_translation_11_sigma0_stride1.meta.json,2ac4deeb9fbf556be5b1cdd7af9b2c242dc7995638406a499509b39f41a6171b
diagram_sequence,/home/hugo_souto/Stuff/Research/Topological_Kinematics/research_review/results/g2/diagrams/A/11/A_translation_11_sigma0_stride1.npz,6c1ac910a5585278c64e8cca0a28073cffe21a234464cf364ffafff4e3581670
diagram_meta,/home/hugo_souto/Stuff/Research/Topological_Kinematics/research_review/results/g2/diagrams/A/11/A_translation_11_sigma0_stride1.meta.json,625d53fee8317a199be37ef95d6d639e586a578bf6c2ee9a6061af79d0521cad
raw_control,/home/hugo_souto/Stuff/Research/Topological_Kinematics/research_review/results/g2/raw_controls/A/11/A_translation_11_sigma50_stride1.npz,5bbcfdc394c869dafc6e31aed1758a27f32e69c9906a5d19865707646a7ed06b
raw_control_meta,/home/hugo_souto/Stuff/Research/Topological_Kinematics/research_review/results/g2/raw_controls/A/11/A_translation_11_sigma50_stride1.meta.json,5f6f9ac2186c8e967de924d534b248d1603a3f88b18ad8f17f911b3be1484717
diagram_sequence,/home/hugo_souto/Stuff/Research/Topological_Kinematics/research_review/results/g2/diagrams/A/11/A_translation_11_sigma50_stride1.npz,7e28a4464fdbbbe23ad31baad6f960d9793778538ed708d556f319fb14ab9dc4
diagram_meta,/home/hugo_souto/Stuff/Research/Topological_Kinematics/research_review/results/g2/diagrams/A/11/A_translation_11_sigma50_stride1.meta.json,a79aaa986e09bfb2dc340ded69965bd6f22cc46a8c6b1847cf9535bf33f00ea8
raw_control,/home/hugo_souto/Stuff/Research/Topological_Kinematics/research_review/results/g2/raw_controls/A/12/A_translation_12_sigma0_stride1.npz,dffa91c3e597df4c78c73873b483fe9a97070cf2d68729934ef42f53cb43dddf
raw_control_meta,/home/hugo_souto/Stuff/Research/Topological_Kinematics/research_review/results/g2/raw_controls/A/12/A_translation_12_sigma0_stride1.meta.json,51f3bb9b93e13840e8684644a6de1ef225091d44b27befbf0d24cbf50b4dc034
diagram_sequence,/home/hugo_souto/Stuff/Research/Topological_Kinematics/research_review/results/g2/diagrams/A/12/A_translation_12_sigma0_stride1.npz,d056ee074ed0b2a9d9af022af7125cd0fe75b887688959997ead5f1942241a2b
diagram_meta,/home/hugo_souto/Stuff/Research/Topological_Kinematics/research_review/results/g2/diagrams/A/12/A_translation_12_sigma0_stride1.meta.json,f24e8d4e8310d42bfcc10a32a6c0a07c0c319d2ab633da7906d4681af534c51b
raw_control,/home/hugo_souto/Stuff/Research/Topological_Kinematics/research_review/results/g2/raw_controls/A/12/A_translation_12_sigma50_stride1.npz,270d829100701f718c802b05219734190b870ac9022e5c483016da6e069936c1
raw_control_meta,/home/hugo_souto/Stuff/Research/Topological_Kinematics/research_review/results/g2/raw_controls/A/12/A_translation_12_sigma50_stride1.meta.json,ffaff5a74b3562994955f8851aa7f3602574b93459a103e620b196699d789509
diagram_sequence,/home/hugo_souto/Stuff/Research/Topological_Kinematics/research_review/results/g2/diagrams/A/12/A_translation_12_sigma50_stride1.npz,07f73a87f8a35268c4c3c7e3ac794e53fdb3c2ff84c3c834d40317c91c84dd5c
diagram_meta,/home/hugo_souto/Stuff/Research/Topological_Kinematics/research_review/results/g2/diagrams/A/12/A_translation_12_sigma50_stride1.meta.json,d544f22756033ec23dd5b7eb10a5616c785946de1f1db16c78fa580379c54790
report_artifact,reports/tables/static_controls.csv,be06b5faa33ef4379b02ae7d33fd86329192ff7dbbc5b83113c7dfa476c3c895
report_artifact,reports/tables/static_adjacent_distances.csv,fffb0373d6f714209552ca3a3d5acf5f9f917cb8685583210f01da4f22be8c67
report_artifact,reports/tables/ramp_response.csv,83fa0cfe34b6ae932bb3b51af1c2247be5c6b2f3b796a3e886f32da6bd2a3459
report_artifact,reports/tables/ramp_fits.csv,8bff0ddd387364766ad3de274011b5834c7189c0e4c83dbbc25f98dafa8044a7
report_artifact,reports/tables/ramp_transitions.csv,2916d36550e41a96591f33f771035ecdb05b18ec8851185d817bcd33ebec0b96
report_artifact,reports/tables/class_cardinality.csv,7dde128d2ab68580924d5efdcc293f3e12b85a37904a49f34f5491c7807d5012
report_artifact,reports/tables/class_transitions.csv,890d71c5ea1053669f6f077cff4a96bb8685e382fb94563d61a940e789a07950
report_artifact,reports/tables/null_summary.csv,0f023e75a2267b73dbefc0e3fe54cc8ca6def204e79b43102944fea68608fc44
report_artifact,reports/tables/null_adjacent_distances.csv,10267ef46352b152fcb31956d38b503dc36f748a4711052bc48afc794aa6ffd8
report_artifact,reports/tables/sampling_resolution.csv,f21caf22cd03d25827954fe239994add99722601d74fed1bacf0bf7a01217dd6
report_artifact,reports/tables/sampling_summary.csv,06549a746c39add75421ecae09fa0179f837c88e253950b00b4b08dfa14e44d7
report_artifact,reports/tables/translation_controls.csv,e50f47e11a75ea32e6c5f5e0cd2762f8a9d2e49a4932c9ab7d40f44b8e82ae5e
report_artifact,reports/tables/translation_summary.csv,4fe9525b067bd002d9ab416279ce794c0363be5b3881f61f673ca7519458eef1
report_artifact,reports/figures/fig_check1_static.png,dd0ef39d4f15018e5c18dbb19b1fe29f2c48d7f46b3e6702898aa13337d347c6
report_artifact,reports/figures/fig_check2_ramp.png,572db4e4cb5660426e34214082df2f15020bd9ff7005a515a236388ade622116
report_artifact,reports/figures/fig_check3_topology.png,e8898959eacb7385ebe45acaa792b9bce918c155438440eeb5b5b6f86c1512b0
report_artifact,reports/figures/fig_check4_null.png,c9b02411d2a12b0227040d39f98d9b9df8c9fbaca07cfb7667d2b69050d230ed
report_artifact,reports/figures/fig_check5_sampling.png,9de02642b491267b4a68c00a9246bd8f3bca8c21070bf2fb822cf0f0f9ed3763
report_artifact,reports/figures/fig_check6_translation.png,a28a82b99856d0910b5bf607819f455cb0777429785bd3f1fa176c76fc23ae4b
report_artifact,reports/raw_correctness_report.md,d6a157ead608f3133c097ea08bd1be512364675f6429168e2f86e446183b2b53
report_artifact,reports/raw_controls_summary.json,00945948c792f90a681ac0f02f2c2a6cff3fe939c6f15f7fedde26ddbf6472e4
report_artifact,diagrams/A/11/SHA256SUMS,2984374fd004f3699645a639353a5528d9fc2eadee20a60a50e6f3698eefaabe
report_artifact,diagrams/A/12/SHA256SUMS,17e127e10a2c2b3230885afd50c5c464c033d0e1b5eb6864fe0323b795d510f0
report_artifact,diagrams/A/13/SHA256SUMS,d3d2e2ee7793c64f9a9c2045f2c9b5b18d472e5f3471806e5a20b3819e7ba0e9
report_artifact,diagrams/A/14/SHA256SUMS,477b13024722ed12ed4bdd99d8904e26925e0054ca0d8dac5ad0d99439c2925b
report_artifact,diagrams/B/11/SHA256SUMS,63b9be6bac0146ba5adcd5bee4dbba77e2ccd63c724c3245926c4ee489f6f73f
report_artifact,diagrams/B/12/SHA256SUMS,b890db524f47b30d2f8da69fcaec5c42c94ffbd00bd4d2cab90b07ff3b9e4e34
report_artifact,diagrams/B/13/SHA256SUMS,6959d931807613285f66ee25d59e97eada7ce8e2aaba8ea6f8ae7d1bb43c2dff
report_artifact,diagrams/B/14/SHA256SUMS,4c4ef1838e25e71776b51ecf3fcf4a709300666314a46b65abcc9e19e70f2482
report_artifact,raw_controls/A/11/SHA256SUMS,d40885b374df0e99b3f41aa2e87f755ef193896e8ce942ed45e8b98eafff9252
report_artifact,raw_controls/A/12/SHA256SUMS,fcf04a94595d0ee1e80cafd5d4bd3f5d4e8d9a44a6b0182c407423e31544d5d9
report_artifact,raw_controls/A/13/SHA256SUMS,1910b9ae677a93c42a4bd08ddca3135b15bf3da61fe041ed561ddde25f8da863
report_artifact,raw_controls/A/14/SHA256SUMS,7feb741636a261acfac72275f36497fceb1cb237a3ab5ab53a22afcd97831ca6
report_artifact,raw_controls/B/11/SHA256SUMS,1d63bd4e44ecc55667decf62b1f288bd2d2b496ec4ac556c0664500e21d5b3e5
report_artifact,raw_controls/B/12/SHA256SUMS,a722949b47a1b2dd7f924096dfd1af549f35d1f952faf2e7574e3c1ed03f53a6
report_artifact,raw_controls/B/13/SHA256SUMS,91d0eb21f7efc9c6200aa8b5b2f066fb72cb24296d06d31abfd47d9be3493165
report_artifact,raw_controls/B/14/SHA256SUMS,8e6d715bbb16a5059364629ac5cda0bea1d89209e00c82b8c04f420d0d4b5b33
