run_id,family,config,z_value,seed,sigma,n_intervals,mean,std,min,median,p95,max,exact_zero,spearman_rho,spearman_p,trend_pass,ks_lag8_p,e_static_05,n_above_e_static_05,e_loo_same_sigma,n_above_e_loo,max_run_above_e_loo,e_primary,e_primary_source,n_above_e_primary,max_run_above_e_primary,cluster_p,expected_above_e_primary,binom_upper_99,exceed_pass,calibration_max,temporal_pass,verdict,note
A_static_13_sigma0_stride1,A,static_z0.5,0.5,13,0,128,0,0,0,0,0,0,true,,,true,,,0,,0,0,,not_applicable_sigma_zero,0,0,,6.4,13,true,0.0714755523180386,true,PASS,sigma = 0 exact-zero requirement
A_static_13_sigma50_stride1,A,static_z0.5,0.5,13,0.05,128,0.0376994996611026,0.0112074184012669,0.0139831709145388,0.0372233513353889,0.056136540233292,0.0829911316526556,false,-0.118774373897134,0.181768846155982,true,0.72471689223668,0.0571500093923416,6,0.0571255302870044,6,2,0.0571500093923416,pooled_static_sigma0.05_seeds11_12,6,2,0.220389805097451,6.4,13,true,0.0714755523180386,true,PASS,"stationary noise, no exceedance excess"
A_static_13_sigma100_stride1,A,static_z0.5,0.5,13,0.1,128,0.054394291624066,0.0247345379975512,0.0243723157274411,0.0496501272713941,0.0880806461194304,0.181717434607507,false,0.0107123237502289,0.904474721111253,true,0.679333205056778,,0,0.0902598202361777,6,2,0.0902598202361777,leave_one_out_static_same_sigma,6,2,0.220389805097451,6.4,13,true,0.0714755523180386,true,PASS,"stationary noise, no exceedance excess"
A_snapshot_z1.0_13_sigma0_stride1,A,snapshot_z1.0,1,13,0,128,0,0,0,0,0,0,true,,,true,,,0,,0,0,,not_applicable_sigma_zero,0,0,,6.4,13,true,0.0714755523180386,true,PASS,sigma = 0 exact-zero requirement
A_snapshot_z2.0_13_sigma0_stride1,A,snapshot_z2.0,2,13,0,128,0,0,0,0,0,0,true,,,true,,,0,,0,0,,not_applicable_sigma_zero,0,0,,6.4,13,true,0.0714755523180386,true,PASS,sigma = 0 exact-zero requirement
A_snapshot_z1.0_13_sigma50_stride1,A,snapshot_z1.0,1,13,0.05,128,0.0388583819232254,0.0120644730930816,0.0187861213394868,0.0373676085099183,0.0605918973135753,0.0768459861195931,false,0.125878567739794,0.156827878968974,true,0.828828596236816,0.0571500093923416,13,0.0571255302870044,13,1,0.0571500093923416,pooled_static_sigma0.05_seeds11_12,13,1,1,6.4,13,true,0.0714755523180386,true,PASS,"stationary noise, no exceedance excess"
A_snapshot_z2.0_13_sigma50_stride1,A,snapshot_z2.0,2,13,0.05,128,0.0399864424931807,0.0129331194068176,0.0132483672168528,0.0383459564957801,0.0654134672997849,0.0864949865743099,false,0.159706326680095,0.0717466564571766,true,0.391191888116739,0.0571500093923416,12,0.0571255302870044,12,2,0.0571500093923416,pooled_static_sigma0.05_seeds11_12,12,2,0.67816091954023,6.4,13,true,0.0714755523180386,true,PASS,"stationary noise, no exceedance excess"
A_snapshot_z1.0_13_sigma100_stride1,A,snapshot_z1.0,1,13,0.1,128,0.0566638359078548,0.0239821721012918,0.0283941880962058,0.0499158835862483,0.100362420853627,0.167016978147102,false,0.0457333821644387,0.608226412971193,true,0.574789494743776,,0,0.0902598202361777,12,2,0.0902598202361777,leave_one_out_static_same_sigma,12,2,0.67816091954023,6.4,13,true,0.0714755523180386,true,PASS,"stationary noise, no exceedance excess"
A_snapshot_z2.0_13_sigma100_stride1,A,snapshot_z2.0,2,13,0.1,128,0.0603800648836261,0.0248036389934534,0.0260782240206911,0.0533669565683794,0.106657832013748,0.14318418893081,false,-0.0521252975645486,0.55898973247322,true,0.793237315199666,,0,0.0902598202361777,19,2,0.0902598202361777,leave_one_out_static_same_sigma,19,2,0.958520739630185,6.4,13,false,0.0714755523180386,true,RESIDUAL,stationary null but exceedance count above the primary static 95th percentile exceeds the binomial 99 percent bound; configuration-dependent or seed-dependent noise scale
A_static_14_sigma0_stride1,A,static_z0.5,0.5,14,0,128,0,0,0,0,0,0,true,,,true,,,0,,0,0,,not_applicable_sigma_zero,0,0,,6.4,13,true,0.0714755523180386,true,PASS,sigma = 0 exact-zero requirement
A_static_14_sigma50_stride1,A,static_z0.5,0.5,14,0.05,128,0.0358637021277952,0.0116079611932045,0.0159360984029874,0.0332692362307852,0.0571255302870044,0.0821293950590393,false,0.0687232030581227,0.440826111796525,true,0.986860709337386,0.0571500093923416,7,0.056136540233292,9,3,0.0571500093923416,pooled_static_sigma0.05_seeds11_12,7,2,0.283858070964518,6.4,13,true,0.0714755523180386,true,PASS,"stationary noise, no exceedance excess"
A_static_14_sigma100_stride1,A,static_z0.5,0.5,14,0.1,128,0.0469480121159411,0.0195050528306465,0.0232102876108965,0.0406859276235057,0.0902598202361777,0.137210118666669,false,0.116473631203076,0.190438533774358,true,0.87357396224661,,0,0.0880806461194304,8,2,0.0880806461194304,leave_one_out_static_same_sigma,8,2,0.370814592703648,6.4,13,true,0.0714755523180386,true,PASS,"stationary noise, no exceedance excess"
A_snapshot_z1.0_14_sigma0_stride1,A,snapshot_z1.0,1,14,0,128,0,0,0,0,0,0,true,,,true,,,0,,0,0,,not_applicable_sigma_zero,0,0,,6.4,13,true,0.0714755523180386,true,PASS,sigma = 0 exact-zero requirement
A_snapshot_z2.0_14_sigma0_stride1,A,snapshot_z2.0,2,14,0,128,0,0,0,0,0,0,true,,,true,,,0,,0,0,,not_applicable_sigma_zero,0,0,,6.4,13,true,0.0714755523180386,true,PASS,sigma = 0 exact-zero requirement
A_snapshot_z1.0_14_sigma50_stride1,A,snapshot_z1.0,1,14,0.05,128,0.0368283734016003,0.0114017676975766,0.0194405227494475,0.0357722450978876,0.0576784568034057,0.0725273396726686,false,0.0678247857318289,0.446836951536551,true,0.288927862976375,0.0571500093923416,8,0.056136540233292,9,2,0.0571500093923416,pooled_static_sigma0.05_seeds11_12,8,2,0.370814592703648,6.4,13,true,0.0714755523180386,true,PASS,"stationary noise, no exceedance excess"
A_snapshot_z2.0_14_sigma50_stride1,A,snapshot_z2.0,2,14,0.05,128,0.0376512150629595,0.0117560866642123,0.018926704016327,0.0362587582511366,0.0622467568476003,0.0726959002060695,false,0.0690779920659584,0.438465076455916,true,0.162810424079354,0.0571500093923416,10,0.056136540233292,11,4,0.0571500093923416,pooled_static_sigma0.05_seeds11_12,10,3,0.0379810094952524,6.4,13,true,0.0714755523180386,true,PASS,"stationary noise, no exceedance excess"
A_snapshot_z1.0_14_sigma100_stride1,A,snapshot_z1.0,1,14,0.1,128,0.052556244834648,0.0177267700267441,0.025757182066024,0.0486296677796672,0.086503312576219,0.107080506024441,false,0.0586888848196301,0.510510573088496,true,0.87357396224661,,0,0.0880806461194304,6,1,0.0880806461194304,leave_one_out_static_same_sigma,6,1,1,6.4,13,true,0.0714755523180386,true,PASS,"stationary noise, no exceedance excess"
A_snapshot_z2.0_14_sigma100_stride1,A,snapshot_z2.0,2,14,0.1,128,0.055168727258654,0.0198463921648184,0.0252678452690912,0.0526910561655269,0.0977327251797146,0.124335009761953,false,0.116144759637719,0.191701960614895,true,0.750812974467806,,0,0.0880806461194304,9,2,0.0880806461194304,leave_one_out_static_same_sigma,9,2,0.438780609695152,6.4,13,true,0.0714755523180386,true,PASS,"stationary noise, no exceedance excess"
B_static_13_sigma0_stride1,B,static_z0.5,0.5,13,0,128,0,0,0,0,0,0,true,,,true,,,0,,0,0,,not_applicable_sigma_zero,0,0,,6.4,13,true,0.0840061328712524,true,PASS,sigma = 0 exact-zero requirement
B_static_13_sigma50_stride1,B,static_z0.5,0.5,13,0.05,128,0.0327845704375151,0.0148422942244263,0.0144683039250977,0.0282064982992036,0.0619414699775877,0.0990730949520438,false,-0.0458309251456709,0.607460881868953,true,0.777564480376148,0.0536091076836686,10,0.0481919964623305,14,2,0.0536091076836686,pooled_static_sigma0.05_seeds11_12,10,2,0.540229885057471,6.4,13,true,0.0840061328712524,true,PASS,"stationary noise, no exceedance excess"
B_static_13_sigma100_stride1,B,static_z0.5,0.5,13,0.1,128,0.0605662302844598,0.0194652580373271,0.0291132305076236,0.0572529679147154,0.0999749839815915,0.122081437846341,false,-0.00466089753035854,0.958357359967926,true,0.0767727089291973,,0,0.109070897866178,1,1,0.109070897866178,leave_one_out_static_same_sigma,1,1,1,6.4,13,true,0.0840061328712524,true,PASS,"stationary noise, no exceedance excess"
B_snapshot_z1.0_13_sigma0_stride1,B,snapshot_z1.0,1,13,0,128,0,0,0,0,0,0,true,,,true,,,0,,0,0,,not_applicable_sigma_zero,0,0,,6.4,13,true,0.0840061328712524,true,PASS,sigma = 0 exact-zero requirement
B_snapshot_z2.0_13_sigma0_stride1,B,snapshot_z2.0,2,13,0,128,0,0,0,0,0,0,true,,,true,,,0,,0,0,,not_applicable_sigma_zero,0,0,,6.4,13,true,0.0840061328712524,true,PASS,sigma = 0 exact-zero requirement
B_snapshot_z1.0_13_sigma50_stride1,B,snapshot_z1.0,1,13,0.05,128,0.059974057830217,0.0259415328391393,0.0220631963953463,0.0548370680339904,0.10488842186755,0.133878099326198,false,-0.166925844594924,0.0596651602425425,true,0.654929451706812,0.0536091076836686,66,0.0481919964623305,74,8,0.0536091076836686,pooled_static_sigma0.05_seeds11_12,66,6,0.706146926536732,6.4,13,false,0.0840061328712524,true,RESIDUAL,stationary null but exceedance count above the primary static 95th percentile exceeds the binomial 99 percent bound; configuration-dependent or seed-dependent noise scale
B_snapshot_z2.0_13_sigma50_stride1,B,snapshot_z2.0,2,13,0.05,128,0.0535280165551572,0.0317319790494662,0.0184103624465012,0.0450049954906085,0.113875229972594,0.227014242161547,false,-0.237611014466215,0.00691972813829523,false,0.578766013634334,0.0536091076836686,49,0.0481919964623305,58,8,0.0536091076836686,pooled_static_sigma0.05_seeds11_12,49,8,0.0199900049975013,6.4,13,false,0.0840061328712524,true,RESIDUAL,stationary null but exceedance count above the primary static 95th percentile exceeds the binomial 99 percent bound; configuration-dependent or seed-dependent noise scale
B_snapshot_z1.0_13_sigma100_stride1,B,snapshot_z1.0,1,13,0.1,128,0.095953661928287,0.0378603947833051,0.0400939348076074,0.0877564263921994,0.162385720789024,0.225765264394988,false,-0.014580746319287,0.870240706075921,true,0.156390113443064,,0,0.109070897866178,41,7,0.109070897866178,leave_one_out_static_same_sigma,41,7,0.0219890054972514,6.4,13,false,0.0840061328712524,true,RESIDUAL,stationary null but exceedance count above the primary static 95th percentile exceeds the binomial 99 percent bound; configuration-dependent or seed-dependent noise scale
B_snapshot_z2.0_13_sigma100_stride1,B,snapshot_z2.0,2,13,0.1,128,0.0970460471338311,0.0415828877945696,0.0363406888590789,0.0875594519765697,0.168885586125225,0.249318976104222,false,-0.0747118050491895,0.401947628496668,true,0.550812476809369,,0,0.109070897866178,43,3,0.109070897866178,leave_one_out_static_same_sigma,43,3,0.984507746126936,6.4,13,false,0.0840061328712524,true,RESIDUAL,stationary null but exceedance count above the primary static 95th percentile exceeds the binomial 99 percent bound; configuration-dependent or seed-dependent noise scale
B_static_14_sigma0_stride1,B,static_z0.5,0.5,14,0,128,0,0,0,0,0,0,true,,,true,,,0,,0,0,,not_applicable_sigma_zero,0,0,,6.4,13,true,0.0840061328712524,true,PASS,sigma = 0 exact-zero requirement
B_static_14_sigma50_stride1,B,static_z0.5,0.5,14,0.05,128,0.0306125792061264,0.00988304770211652,0.0143122874772259,0.0288836537687676,0.0481919964623305,0.080172003679897,false,0.223353986440994,0.0112680760651442,true,0.474922012568432,0.0536091076836686,3,0.0619414699775877,1,1,0.0536091076836686,pooled_static_sigma0.05_seeds11_12,3,2,0.0524737631184408,6.4,13,true,0.0840061328712524,true,PASS,"stationary noise, no exceedance excess"
B_static_14_sigma100_stride1,B,static_z0.5,0.5,14,0.1,128,0.0654013850072459,0.0221812256935937,0.0305343220526589,0.0633693492250222,0.109070897866178,0.164322252283428,false,0.228224404691625,0.00956908014544984,false,0.963689383168652,,0,0.0999749839815915,9,2,0.0999749839815915,leave_one_out_static_same_sigma,9,2,0.438780609695152,6.4,13,true,0.0840061328712524,true,RESIDUAL,weak nonstationary trend signature
B_snapshot_z1.0_14_sigma0_stride1,B,snapshot_z1.0,1,14,0,128,0,0,0,0,0,0,true,,,true,,,0,,0,0,,not_applicable_sigma_zero,0,0,,6.4,13,true,0.0840061328712524,true,PASS,sigma = 0 exact-zero requirement
B_snapshot_z2.0_14_sigma0_stride1,B,snapshot_z2.0,2,14,0,128,0,0,0,0,0,0,true,,,true,,,0,,0,0,,not_applicable_sigma_zero,0,0,,6.4,13,true,0.0840061328712524,true,PASS,sigma = 0 exact-zero requirement
B_snapshot_z1.0_14_sigma50_stride1,B,snapshot_z1.0,1,14,0.05,128,0.0401463319431825,0.0149162577743536,0.0162138493469319,0.0365863645643928,0.0684810876384109,0.0952017162357283,false,0.178763948509562,0.0434938441052663,true,0.997551318677274,0.0536091076836686,19,0.0619414699775877,11,2,0.0536091076836686,pooled_static_sigma0.05_seeds11_12,19,4,0.0389805097451274,6.4,13,false,0.0840061328712524,true,RESIDUAL,stationary null but exceedance count above the primary static 95th percentile exceeds the binomial 99 percent bound; configuration-dependent or seed-dependent noise scale
B_snapshot_z2.0_14_sigma50_stride1,B,snapshot_z2.0,2,14,0.05,128,0.0546756451787637,0.0226726529005065,0.0191875506655823,0.0516319086841405,0.0934962419095055,0.1205136563069,false,0.163116874198865,0.0658130461342364,true,0.936884179637533,0.0536091076836686,60,0.0619414699775877,39,4,0.0536091076836686,pooled_static_sigma0.05_seeds11_12,60,6,0.509745127436282,6.4,13,false,0.0840061328712524,true,RESIDUAL,stationary null but exceedance count above the primary static 95th percentile exceeds the binomial 99 percent bound; configuration-dependent or seed-dependent noise scale
B_snapshot_z1.0_14_sigma100_stride1,B,snapshot_z1.0,1,14,0.1,128,0.0762890855776392,0.0263048850521671,0.0358074189009446,0.0696429320514213,0.123961961754728,0.154798194145844,false,-0.00150500715317439,0.986548154134701,true,0.685388582572966,,0,0.0999749839815915,22,3,0.0999749839815915,leave_one_out_static_same_sigma,22,3,0.409795102448776,6.4,13,false,0.0840061328712524,true,RESIDUAL,stationary null but exceedance count above the primary static 95th percentile exceeds the binomial 99 percent bound; configuration-dependent or seed-dependent noise scale
B_snapshot_z2.0_14_sigma100_stride1,B,snapshot_z2.0,2,14,0.1,128,0.0940093308684415,0.035969638509188,0.0357103392551169,0.0843367831448949,0.160615913446577,0.242381109206986,false,0.0419022985464094,0.638622090803737,true,0.854947476075512,,0,0.0999749839815915,46,6,0.0999749839815915,leave_one_out_static_same_sigma,46,6,0.12543728135932,6.4,13,false,0.0840061328712524,true,RESIDUAL,stationary null but exceedance count above the primary static 95th percentile exceeds the binomial 99 percent bound; configuration-dependent or seed-dependent noise scale
