run_id,family,seed,stride,interval,u_mid,z_mid,dz,abs_dz,d0,d1,dmax0,dmax1,card0,card1
A_ramp_11_sigma0_stride1,A,11,1,0,0.00390625,0.5,0,0,0,0,0.180843365997991,1.28821183763615,63,16
A_ramp_11_sigma0_stride1,A,11,1,1,0.01171875,0.5,0,0,0,0,0.180843365997991,1.28821183763615,63,16
A_ramp_11_sigma0_stride1,A,11,1,2,0.01953125,0.5,0,0,0,0,0.180843365997991,1.28821183763615,63,16
A_ramp_11_sigma0_stride1,A,11,1,3,0.02734375,0.5,0,0,0,0,0.180843365997991,1.28821183763615,63,16
A_ramp_11_sigma0_stride1,A,11,1,4,0.03515625,0.5,0,0,0,0,0.180843365997991,1.28821183763615,63,16
A_ramp_11_sigma0_stride1,A,11,1,5,0.04296875,0.5,0,0,0,0,0.180843365997991,1.28821183763615,63,16
A_ramp_11_sigma0_stride1,A,11,1,6,0.05078125,0.5,0,0,0,0,0.180843365997991,1.28821183763615,63,16
A_ramp_11_sigma0_stride1,A,11,1,7,0.05859375,0.5,0,0,0,0,0.180843365997991,1.28821183763615,63,16
A_ramp_11_sigma0_stride1,A,11,1,8,0.06640625,0.5,0,0,0,0,0.180843365997991,1.28821183763615,63,16
A_ramp_11_sigma0_stride1,A,11,1,9,0.07421875,0.5,0,0,0,0,0.180843365997991,1.28821183763615,63,16
A_ramp_11_sigma0_stride1,A,11,1,10,0.08203125,0.5,0,0,0,0,0.180843365997991,1.28821183763615,63,16
A_ramp_11_sigma0_stride1,A,11,1,11,0.08984375,0.5,0,0,0,0,0.180843365997991,1.28821183763615,63,16
A_ramp_11_sigma0_stride1,A,11,1,12,0.09765625,0.5,0,0,0,0,0.180843365997991,1.28821183763615,63,16
A_ramp_11_sigma0_stride1,A,11,1,13,0.10546875,0.5,0,0,0,0,0.180843365997991,1.28821183763615,63,16
A_ramp_11_sigma0_stride1,A,11,1,14,0.11328125,0.5,0,0,0,0,0.180843365997991,1.28821183763615,63,16
A_ramp_11_sigma0_stride1,A,11,1,15,0.12109375,0.5,0,0,0,0,0.180843365997991,1.28821183763615,63,16
A_ramp_11_sigma0_stride1,A,11,1,16,0.12890625,0.5,0,0,0,0,0.180843365997991,1.28821183763615,63,16
A_ramp_11_sigma0_stride1,A,11,1,17,0.13671875,0.5,0,0,0,0,0.180843365997991,1.28821183763615,63,16
A_ramp_11_sigma0_stride1,A,11,1,18,0.14453125,0.5,0,0,0,0,0.180843365997991,1.28821183763615,63,16
A_ramp_11_sigma0_stride1,A,11,1,19,0.15234375,0.5,0,0,0,0,0.180843365997991,1.28821183763615,63,16
A_ramp_11_sigma0_stride1,A,11,1,20,0.16015625,0.5,0,0,0,0,0.180843365997991,1.28821183763615,63,16
A_ramp_11_sigma0_stride1,A,11,1,21,0.16796875,0.5,0,0,0,0,0.180843365997991,1.28821183763615,63,16
A_ramp_11_sigma0_stride1,A,11,1,22,0.17578125,0.5,0,0,0,0,0.180843365997991,1.28821183763615,63,16
A_ramp_11_sigma0_stride1,A,11,1,23,0.18359375,0.5,0,0,0,0,0.180843365997991,1.28821183763615,63,16
A_ramp_11_sigma0_stride1,A,11,1,24,0.19140625,0.5,0,0,0,0,0.180843365997991,1.28821183763615,63,16
A_ramp_11_sigma0_stride1,A,11,1,25,0.19921875,0.5,0,0,0,0,0.180843365997991,1.28821183763615,63,16
A_ramp_11_sigma0_stride1,A,11,1,26,0.20703125,0.5,0,0,0,0,0.180843365997991,1.28821183763615,63,16
A_ramp_11_sigma0_stride1,A,11,1,27,0.21484375,0.5,0,0,0,0,0.180843365997991,1.28821183763615,63,16
A_ramp_11_sigma0_stride1,A,11,1,28,0.22265625,0.506287929785414,0.0125758595708279,0.0125758595708279,0.0125032597089509,0.0115629622967398,0.180843365997991,1.28821183763615,63,16
A_ramp_11_sigma0_stride1,A,11,1,29,0.23046875,0.529635269115117,0.0341188190885791,0.0341188190885791,0.0193499953915701,0.0337025808010016,0.180843365997991,1.27734429557979,63,17
A_ramp_11_sigma0_stride1,A,11,1,30,0.23828125,0.563754088203696,0.0341188190885791,0.0341188190885791,0.0337214384993273,0.033754507601621,0.180843365997991,1.24802185234064,63,8
A_ramp_11_sigma0_stride1,A,11,1,31,0.24609375,0.597872907292275,0.0341188190885791,0.0341188190885791,0.031693879848414,0.0337937591929998,0.180843365997991,1.2189490662129,63,6
A_ramp_11_sigma0_stride1,A,11,1,32,0.25390625,0.631991726380855,0.0341188190885791,0.0341188190885791,0.0270424668432937,0.0338270160519081,0.180843365997991,1.18912174330585,63,10
A_ramp_11_sigma0_stride1,A,11,1,33,0.26171875,0.666110545469434,0.0341188190885791,0.0341188190885791,0.0336749093479222,0.0338554354444022,0.180843365997991,1.16162728666313,63,8
A_ramp_11_sigma0_stride1,A,11,1,34,0.26953125,0.700229364558013,0.0341188190885791,0.0341188190885791,0.0217120058061752,0.0338799091510243,0.180843365997991,1.13341995664355,63,5
A_ramp_11_sigma0_stride1,A,11,1,35,0.27734375,0.734348183646592,0.0341188190885791,0.0341188190885791,0.0336215756739598,0.033901133122634,0.180843365997991,1.1055459423956,63,4
A_ramp_11_sigma0_stride1,A,11,1,36,0.28515625,0.768467002735171,0.0341188190885791,0.0341188190885791,0.0217934217295953,0.0339196567689413,0.180843365997991,1.0774926021821,63,4
A_ramp_11_sigma0_stride1,A,11,1,37,0.29296875,0.80258582182375,0.0341188190885791,0.0341188190885791,0.0207600683446821,0.0339359183946051,0.180843365997991,1.04708182249926,63,4
A_ramp_11_sigma0_stride1,A,11,1,38,0.30078125,0.836704640912329,0.0341188190885791,0.0341188190885791,0.0303519255065207,0.0339502710495108,0.180843365997991,1.02297939738612,63,3
A_ramp_11_sigma0_stride1,A,11,1,39,0.30859375,0.870823460000908,0.0341188190885791,0.0341188190885791,0.0145251319097971,0.0339614987269169,0.180843365997991,0.993456702433348,63,3
A_ramp_11_sigma0_stride1,A,11,1,40,0.31640625,0.904942279089487,0.0341188190885789,0.0341188190885789,0.0299570995448099,0.0325511161761854,0.180843365997991,0.9614556546105,63,3
A_ramp_11_sigma0_stride1,A,11,1,41,0.32421875,0.939061098178066,0.0341188190885791,0.0341188190885791,0.0195028561035087,0.0339832454244742,0.180843365997991,0.933118130704699,63,3
A_ramp_11_sigma0_stride1,A,11,1,42,0.33203125,0.973179917266645,0.0341188190885791,0.0341188190885791,0.0339286600337846,0.033992468225115,0.180843365997991,0.967101376129173,63,4
A_ramp_11_sigma0_stride1,A,11,1,43,0.33984375,1.00729873635522,0.0341188190885792,0.0341188190885792,0.0322604905160755,0.0335162454522354,0.180843365997991,1.00109384435429,63,3
A_ramp_11_sigma0_stride1,A,11,1,44,0.34765625,1.0414175554438,0.0341188190885791,0.0341188190885791,0.0332577344429637,0.0334648936904282,0.180843365997991,1.02904416380752,63,3
A_ramp_11_sigma0_stride1,A,11,1,45,0.35546875,1.07553637453238,0.0341188190885791,0.0341188190885791,0.0285555567431445,0.0338398219874263,0.180843365997991,1.05249469129078,63,4
A_ramp_11_sigma0_stride1,A,11,1,46,0.36328125,1.10965519362096,0.0341188190885788,0.0341188190885788,0.0161072577028325,0.0333406131021706,0.180843365997991,1.08633451327821,63,4
A_ramp_11_sigma0_stride1,A,11,1,47,0.37109375,1.14377401270954,0.0341188190885793,0.0341188190885793,0.0294724562814163,0.0332649272251382,0.180843365997991,1.11163560135203,63,3
A_ramp_11_sigma0_stride1,A,11,1,48,0.37890625,1.17789283179812,0.0341188190885788,0.0341188190885788,0.0169606596340283,0.0331778055649787,0.180843365997991,1.14050995631874,63,3
A_ramp_11_sigma0_stride1,A,11,1,49,0.38671875,1.2120116508867,0.0341188190885793,0.0341188190885793,0.0241823644324449,0.0330768624980342,0.180843365997991,1.16970738025426,63,4
A_ramp_11_sigma0_stride1,A,11,1,50,0.39453125,1.24613046997528,0.0341188190885788,0.0341188190885788,0.0170310146787752,0.0329590687964451,0.180843365997991,1.19018315495848,63,4
A_ramp_11_sigma0_stride1,A,11,1,51,0.40234375,1.28024928906386,0.0341188190885791,0.0341188190885791,0.0335106581432922,0.0328205364693259,0.180843365997991,1.21715230284825,63,4
A_ramp_11_sigma0_stride1,A,11,1,52,0.41015625,1.31436810815244,0.0341188190885791,0.0341188190885791,0.0224949415595649,0.0326562172659171,0.180843365997991,1.24870159289741,63,3
A_ramp_11_sigma0_stride1,A,11,1,53,0.41796875,1.34848692724101,0.0341188190885791,0.0341188190885791,0.0214153688987487,0.0324594743768369,0.180843365997991,1.28083279759894,63,4
A_ramp_11_sigma0_stride1,A,11,1,54,0.42578125,1.38260574632959,0.0341188190885793,0.0341188190885793,0.0334913877184929,0.0322214653405768,0.180843365997991,1.30462457892392,63,5
A_ramp_11_sigma0_stride1,A,11,1,55,0.43359375,1.41672456541817,0.0341188190885788,0.0341188190885788,0.0155982984835441,0.031930240114233,0.180843365997991,1.32832102617413,63,5
A_ramp_11_sigma0_stride1,A,11,1,56,0.44140625,1.45084338450675,0.0341188190885791,0.0341188190885791,0.0333416053455586,0.0315694042844431,0.180843365997991,1.35683509415041,63,5
A_ramp_11_sigma0_stride1,A,11,1,57,0.44921875,1.48496220359533,0.0341188190885791,0.0341188190885791,0.0130902038096563,0.031116112445788,0.180843365997991,1.38560253481726,63,5
A_ramp_11_sigma0_stride1,A,11,1,58,0.45703125,1.51908102268391,0.0341188190885791,0.0341188190885791,0.025029797970874,0.0305380267524489,0.180843365997991,1.41460789051167,63,5
A_ramp_11_sigma0_stride1,A,11,1,59,0.46484375,1.55319984177249,0.0341188190885791,0.0341188190885791,0.0335406970657434,0.0297886907813473,0.180843365997991,1.42621802541601,63,7
A_ramp_11_sigma0_stride1,A,11,1,60,0.47265625,1.58731866086107,0.0341188190885788,0.0341188190885788,0.0299489324893303,0.0314421857656397,0.180843365997991,1.45257441241975,63,6
A_ramp_11_sigma0_stride1,A,11,1,61,0.48046875,1.62143747994965,0.0341188190885791,0.0341188190885791,0.0245320584954555,0.0315587001387809,0.180843365997991,1.48334565606033,63,7
A_ramp_11_sigma0_stride1,A,11,1,62,0.48828125,1.65555629903823,0.0341188190885791,0.0341188190885791,0.0276382593549566,0.0279138968482622,0.180843365997991,1.51314425377851,63,5
A_ramp_11_sigma0_stride1,A,11,1,63,0.49609375,1.6896751181268,0.0341188190885791,0.0341188190885791,0.0234542592443881,0.0231789242703252,0.180843365997991,1.53407621267326,63,5
A_ramp_11_sigma0_stride1,A,11,1,64,0.50390625,1.72379393721538,0.0341188190885791,0.0341188190885791,0.033283879527672,0.0187294604475881,0.180843365997991,1.53407621267326,63,4
A_ramp_11_sigma0_stride1,A,11,1,65,0.51171875,1.75791275630396,0.0341188190885791,0.0341188190885791,0.022713109014468,0.0305407324664762,0.180843365997991,1.55280567312085,63,3
A_ramp_11_sigma0_stride1,A,11,1,66,0.51953125,1.79203157539254,0.0341188190885791,0.0341188190885791,0.0336655840123007,0.0306847351000836,0.180843365997991,1.58152126189589,63,2
A_ramp_11_sigma0_stride1,A,11,1,67,0.52734375,1.82615039448112,0.0341188190885791,0.0341188190885791,0.0330840941270297,0.0204686477062155,0.180843365997991,1.61044768086803,63,2
A_ramp_11_sigma0_stride1,A,11,1,68,0.53515625,1.8602692135697,0.0341188190885791,0.0341188190885791,0.0335813682364978,0.00333659783478464,0.180843365997991,1.62716040739111,63,3
A_ramp_11_sigma0_stride1,A,11,1,69,0.54296875,1.89438803265828,0.0341188190885791,0.0341188190885791,0.0337907570792599,0.00914256709816436,0.180843365997991,1.62716040739111,63,2
A_ramp_11_sigma0_stride1,A,11,1,70,0.55078125,1.92850685174686,0.0341188190885791,0.0341188190885791,0.0336934995139884,0.00733276361590061,0.180843365997991,1.62716040739111,63,4
A_ramp_11_sigma0_stride1,A,11,1,71,0.55859375,1.96262567083544,0.0341188190885791,0.0341188190885791,0.0336537208536438,0.0150174346684896,0.180843365997991,1.62716040739111,63,5
A_ramp_11_sigma0_stride1,A,11,1,72,0.56640625,1.99674448992402,0.0341188190885791,0.0341188190885791,0.0337460135929379,0.0162143453054285,0.180843365997991,1.62716040739111,63,5
A_ramp_11_sigma0_stride1,A,11,1,73,0.57421875,2.0308633090126,0.0341188190885791,0.0341188190885791,0.0259790561524986,0.0240590377916174,0.180843365997991,1.62716040739111,63,5
A_ramp_11_sigma0_stride1,A,11,1,74,0.58203125,2.06498212810117,0.0341188190885791,0.0341188190885791,0.0339391095157399,0.0203387756144414,0.20682242215049,1.62716040739111,63,4
A_ramp_11_sigma0_stride1,A,11,1,75,0.58984375,2.09910094718975,0.0341188190885791,0.0341188190885791,0.0339836295074311,0.0173864673181722,0.24076153166623,1.62716040739111,63,4
A_ramp_11_sigma0_stride1,A,11,1,76,0.59765625,2.13321976627833,0.0341188190885791,0.0341188190885791,0.0340134495215085,0.0150034632341115,0.274745161173661,1.62716040739111,63,4
A_ramp_11_sigma0_stride1,A,11,1,77,0.60546875,2.16733858536691,0.0341188190885791,0.0341188190885791,0.034034393026435,0.0130488897894715,0.308758610695169,1.62716040739111,63,4
A_ramp_11_sigma0_stride1,A,11,1,78,0.61328125,2.20145740445549,0.0341188190885786,0.0341188190885786,0.0340496620615399,0.0114220884522201,0.342793003721604,1.62716040739111,63,4
A_ramp_11_sigma0_stride1,A,11,1,79,0.62109375,2.23557622354407,0.0341188190885795,0.0341188190885795,0.0340611352951766,0.0100501789994169,0.376842665783144,1.62716040739111,63,3
A_ramp_11_sigma0_stride1,A,11,1,80,0.62890625,2.26969504263265,0.0341188190885791,0.0341188190885791,0.0340699738328261,0.00887957588979985,0.410903801078321,1.62716040739111,63,3
A_ramp_11_sigma0_stride1,A,11,1,81,0.63671875,2.30381386172123,0.0341188190885791,0.0341188190885791,0.0340769265899971,0.00787025222196874,0.444973774911147,1.62716040739111,63,3
A_ramp_11_sigma0_stride1,A,11,1,82,0.64453125,2.33793268080981,0.0341188190885786,0.0341188190885786,0.034082494161345,0.00699184528952304,0.479050701501144,1.62716040739111,63,3
A_ramp_11_sigma0_stride1,A,11,1,83,0.65234375,2.37205149989839,0.0341188190885795,0.0341188190885795,0.0340870214392347,0.00622098507575014,0.513133195662489,1.62716040739111,63,3
A_ramp_11_sigma0_stride1,A,11,1,84,0.66015625,2.40617031898697,0.0341188190885791,0.0341188190885791,0.0340907523035636,0.00553943745000346,0.547220217101724,1.62716040739111,63,3
A_ramp_11_sigma0_stride1,A,11,1,85,0.66796875,2.44028913807554,0.0341188190885791,0.0341188190885791,0.0340938631472126,0.00493279514966177,0.581310969405287,1.62716040739111,63,3
A_ramp_11_sigma0_stride1,A,11,1,86,0.67578125,2.47440795716412,0.0341188190885791,0.0341188190885791,0.0340964841043829,0.00438954158645943,0.6154048325525,1.62716040739111,63,3
A_ramp_11_sigma0_stride1,A,11,1,87,0.68359375,2.5085267762527,0.0341188190885791,0.0341188190885791,0.0340987128787198,0.00390037182331937,0.649501316656883,1.62716040739111,63,3
A_ramp_11_sigma0_stride1,A,11,1,88,0.69140625,2.54264559534128,0.0341188190885791,0.0341188190885791,0.0341006239788884,0.00345769340077162,0.683600029535603,1.62716040739111,63,3
A_ramp_11_sigma0_stride1,A,11,1,89,0.69921875,2.57676441442986,0.0341188190885791,0.0341188190885791,0.0341022750254134,0.0030552546606249,0.717700653514491,1.62716040739111,63,3
A_ramp_11_sigma0_stride1,A,11,1,90,0.70703125,2.61088323351844,0.0341188190885791,0.0341188190885791,0.0341037111439859,0.00268786465148713,0.751802928539904,1.62716040739111,63,3
A_ramp_11_sigma0_stride1,A,11,1,91,0.71484375,2.64500205260702,0.0341188190885786,0.0341188190885786,0.0341049680810664,0.00235117965182519,0.78590663968389,1.62716040739111,63,3
A_ramp_11_sigma0_stride1,A,11,1,92,0.72265625,2.6791208716956,0.0341188190885791,0.0341188190885791,0.0341060744494519,0.00204153873458979,0.820011607764957,1.62716040739111,63,3
A_ramp_11_sigma0_stride1,A,11,1,93,0.73046875,2.71323969078418,0.0341188190885795,0.0341188190885795,0.0341070533707679,0.00175583584544542,0.854117682214409,1.62716040739111,63,3
A_ramp_11_sigma0_stride1,A,11,1,94,0.73828125,2.74735850987276,0.0341188190885791,0.0341188190885791,0.0341079236931328,0.00149141935876324,0.888224735585177,1.62716040739111,63,3
A_ramp_11_sigma0_stride1,A,11,1,95,0.74609375,2.78147732896133,0.0341188190885791,0.0341188190885791,0.0341087009050723,0.00124601252058837,0.922332659278309,1.62716040739111,63,3
A_ramp_11_sigma0_stride1,A,11,1,96,0.75390625,2.81559614804991,0.0341188190885786,0.0341188190885786,0.0341093978292877,0.00101764991971992,0.956441360183382,1.62716040739111,63,3
A_ramp_11_sigma0_stride1,A,11,1,97,0.76171875,2.84971496713849,0.0341188190885795,0.0341188190885795,0.0341100251548681,0.000804626368483774,0.990550758012669,1.62716040739111,63,3
A_ramp_11_sigma0_stride1,A,11,1,98,0.76953125,2.88383378622707,0.0341188190885791,0.0341188190885791,0.0341105918495366,0.000605455472692973,1.02466078316754,1.62716040739111,63,3
A_ramp_11_sigma0_stride1,A,11,1,99,0.77734375,2.91795260531565,0.0341188190885791,0.0341188190885791,0.0341111054818946,0.000418835826802577,1.05877137501707,1.62716040739111,63,3
A_ramp_11_sigma0_stride1,A,11,1,100,0.78515625,2.95207142440423,0.0341188190885786,0.0341188190885786,0.0341115724754064,0.000243623254915448,1.09288248049897,1.62716040739111,63,3
A_ramp_11_sigma0_stride1,A,11,1,101,0.79296875,2.98456541697426,0.030869166051481,0.030869166051481,0.0308629776011238,7.88078793220182e-05,1.12699405297437,1.62716040739111,63,3
A_ramp_11_sigma0_stride1,A,11,1,102,0.80078125,3,0,0,0,0,1.1578570305755,1.62716040739111,63,2
A_ramp_11_sigma0_stride1,A,11,1,103,0.80859375,3,0,0,0,0,1.1578570305755,1.62716040739111,63,2
A_ramp_11_sigma0_stride1,A,11,1,104,0.81640625,3,0,0,0,0,1.1578570305755,1.62716040739111,63,2
A_ramp_11_sigma0_stride1,A,11,1,105,0.82421875,3,0,0,0,0,1.1578570305755,1.62716040739111,63,2
A_ramp_11_sigma0_stride1,A,11,1,106,0.83203125,3,0,0,0,0,1.1578570305755,1.62716040739111,63,2
A_ramp_11_sigma0_stride1,A,11,1,107,0.83984375,3,0,0,0,0,1.1578570305755,1.62716040739111,63,2
A_ramp_11_sigma0_stride1,A,11,1,108,0.84765625,3,0,0,0,0,1.1578570305755,1.62716040739111,63,2
A_ramp_11_sigma0_stride1,A,11,1,109,0.85546875,3,0,0,0,0,1.1578570305755,1.62716040739111,63,2
A_ramp_11_sigma0_stride1,A,11,1,110,0.86328125,3,0,0,0,0,1.1578570305755,1.62716040739111,63,2
A_ramp_11_sigma0_stride1,A,11,1,111,0.87109375,3,0,0,0,0,1.1578570305755,1.62716040739111,63,2
A_ramp_11_sigma0_stride1,A,11,1,112,0.87890625,3,0,0,0,0,1.1578570305755,1.62716040739111,63,2
A_ramp_11_sigma0_stride1,A,11,1,113,0.88671875,3,0,0,0,0,1.1578570305755,1.62716040739111,63,2
A_ramp_11_sigma0_stride1,A,11,1,114,0.89453125,3,0,0,0,0,1.1578570305755,1.62716040739111,63,2
A_ramp_11_sigma0_stride1,A,11,1,115,0.90234375,3,0,0,0,0,1.1578570305755,1.62716040739111,63,2
A_ramp_11_sigma0_stride1,A,11,1,116,0.91015625,3,0,0,0,0,1.1578570305755,1.62716040739111,63,2
A_ramp_11_sigma0_stride1,A,11,1,117,0.91796875,3,0,0,0,0,1.1578570305755,1.62716040739111,63,2
A_ramp_11_sigma0_stride1,A,11,1,118,0.92578125,3,0,0,0,0,1.1578570305755,1.62716040739111,63,2
A_ramp_11_sigma0_stride1,A,11,1,119,0.93359375,3,0,0,0,0,1.1578570305755,1.62716040739111,63,2
A_ramp_11_sigma0_stride1,A,11,1,120,0.94140625,3,0,0,0,0,1.1578570305755,1.62716040739111,63,2
A_ramp_11_sigma0_stride1,A,11,1,121,0.94921875,3,0,0,0,0,1.1578570305755,1.62716040739111,63,2
A_ramp_11_sigma0_stride1,A,11,1,122,0.95703125,3,0,0,0,0,1.1578570305755,1.62716040739111,63,2
A_ramp_11_sigma0_stride1,A,11,1,123,0.96484375,3,0,0,0,0,1.1578570305755,1.62716040739111,63,2
A_ramp_11_sigma0_stride1,A,11,1,124,0.97265625,3,0,0,0,0,1.1578570305755,1.62716040739111,63,2
A_ramp_11_sigma0_stride1,A,11,1,125,0.98046875,3,0,0,0,0,1.1578570305755,1.62716040739111,63,2
A_ramp_11_sigma0_stride1,A,11,1,126,0.98828125,3,0,0,0,0,1.1578570305755,1.62716040739111,63,2
A_ramp_11_sigma0_stride1,A,11,1,127,0.99609375,3,0,0,0,0,1.1578570305755,1.62716040739111,63,2
A_ramp_11_sigma0_stride4,A,11,4,0,0.015625,0.5,0,0,0,0,0.180843365997991,1.28821183763615,63,16
A_ramp_11_sigma0_stride4,A,11,4,1,0.046875,0.5,0,0,0,0,0.180843365997991,1.28821183763615,63,16
A_ramp_11_sigma0_stride4,A,11,4,2,0.078125,0.5,0,0,0,0,0.180843365997991,1.28821183763615,63,16
A_ramp_11_sigma0_stride4,A,11,4,3,0.109375,0.5,0,0,0,0,0.180843365997991,1.28821183763615,63,16
A_ramp_11_sigma0_stride4,A,11,4,4,0.140625,0.5,0,0,0,0,0.180843365997991,1.28821183763615,63,16
A_ramp_11_sigma0_stride4,A,11,4,5,0.171875,0.5,0,0,0,0,0.180843365997991,1.28821183763615,63,16
A_ramp_11_sigma0_stride4,A,11,4,6,0.203125,0.5,0,0,0,0,0.180843365997991,1.28821183763615,63,16
A_ramp_11_sigma0_stride4,A,11,4,7,0.234375,0.557466158418283,0.114932316836565,0.114932316836565,0.0448358833923798,0.112805590055188,0.180843365997991,1.28821183763615,63,16
A_ramp_11_sigma0_stride4,A,11,4,8,0.265625,0.683169955013723,0.136475276354316,0.136475276354316,0.0268781271299135,0.135463493769969,0.180843365997991,1.18912174330585,63,10
A_ramp_11_sigma0_stride4,A,11,4,9,0.296875,0.819645231368039,0.136475276354316,0.136475276354316,0.0290528363688168,0.135761809071815,0.180843365997991,1.0774926021821,63,4
A_ramp_11_sigma0_stride4,A,11,4,10,0.328125,0.956120507722356,0.136475276354316,0.136475276354316,0.0233585501923446,0.120307382846921,0.180843365997991,0.9614556546105,63,3
A_ramp_11_sigma0_stride4,A,11,4,11,0.359375,1.09259578407667,0.136475276354316,0.136475276354316,0.0213764461138133,0.133477194798853,0.180843365997991,1.02904416380752,63,3
A_ramp_11_sigma0_stride4,A,11,4,12,0.390625,1.22907106043099,0.136475276354316,0.136475276354316,0.00931476822902433,0.132034273328784,0.180843365997991,1.14050995631874,63,3
A_ramp_11_sigma0_stride4,A,11,4,13,0.421875,1.3655463367853,0.136475276354316,0.136475276354316,0.0160888173861544,0.129267397097564,0.180843365997991,1.24870159289741,63,3
A_ramp_11_sigma0_stride4,A,11,4,14,0.453125,1.50202161313962,0.136475276354316,0.136475276354316,0.0379956992793638,0.123012234264027,0.180843365997991,1.35683509415041,63,5
A_ramp_11_sigma0_stride4,A,11,4,15,0.484375,1.63849688949394,0.136475276354316,0.136475276354316,0.0468074188884419,0.0909147827526828,0.180843365997991,1.45257441241975,63,6
A_ramp_11_sigma0_stride4,A,11,4,16,0.515625,1.77497216584825,0.136475276354316,0.136475276354316,0.0349877575161366,0.0930841947178496,0.180843365997991,1.53407621267326,63,4
A_ramp_11_sigma0_stride4,A,11,4,17,0.546875,1.91144744220257,0.136475276354316,0.136475276354316,0.0904216829989946,0.016223491308897,0.180843365997991,1.62716040739111,63,3
A_ramp_11_sigma0_stride4,A,11,4,18,0.578125,2.04792271855688,0.136475276354316,0.136475276354316,0.0939017951756696,0.016223491308897,0.180843365997991,1.62716040739111,63,5
A_ramp_11_sigma0_stride4,A,11,4,19,0.609375,2.1843979949112,0.136475276354316,0.136475276354316,0.13615863990466,0.0150034632341115,0.274745161173661,1.62716040739111,63,4
A_ramp_11_sigma0_stride4,A,11,4,20,0.640625,2.32087327126552,0.136475276354316,0.136475276354316,0.136316416023403,0.00887957588979985,0.410903801078321,1.62716040739111,63,3
A_ramp_11_sigma0_stride4,A,11,4,21,0.671875,2.45734854761983,0.136475276354316,0.136475276354316,0.136379812433879,0.00553943745000346,0.547220217101724,1.62716040739111,63,3
A_ramp_11_sigma0_stride4,A,11,4,22,0.703125,2.59382382397415,0.136475276354316,0.136475276354316,0.136411578229354,0.00345769340077162,0.683600029535603,1.62716040739111,63,3
A_ramp_11_sigma0_stride4,A,11,4,23,0.734375,2.73029910032847,0.136475276354317,0.136475276354317,0.136429752418425,0.00204153873458979,0.820011607764957,1.62716040739111,63,3
A_ramp_11_sigma0_stride4,A,11,4,24,0.765625,2.86677437668278,0.136475276354316,0.136475276354316,0.136441120315587,0.00101764991971992,0.956441360183382,1.62716040739111,63,3
A_ramp_11_sigma0_stride4,A,11,4,25,0.796875,2.96750600742997,0.0649879851400597,0.0649879851400597,0.0649745500765302,0.000243623254915448,1.09288248049897,1.62716040739111,63,3
A_ramp_11_sigma0_stride4,A,11,4,26,0.828125,3,0,0,0,0,1.1578570305755,1.62716040739111,63,2
A_ramp_11_sigma0_stride4,A,11,4,27,0.859375,3,0,0,0,0,1.1578570305755,1.62716040739111,63,2
A_ramp_11_sigma0_stride4,A,11,4,28,0.890625,3,0,0,0,0,1.1578570305755,1.62716040739111,63,2
A_ramp_11_sigma0_stride4,A,11,4,29,0.921875,3,0,0,0,0,1.1578570305755,1.62716040739111,63,2
A_ramp_11_sigma0_stride4,A,11,4,30,0.953125,3,0,0,0,0,1.1578570305755,1.62716040739111,63,2
A_ramp_11_sigma0_stride4,A,11,4,31,0.984375,3,0,0,0,0,1.1578570305755,1.62716040739111,63,2
A_ramp_12_sigma0_stride1,A,12,1,0,0.00390625,0.5,0,0,0,0,0.184225969984344,1.3182973706795,63,11
A_ramp_12_sigma0_stride1,A,12,1,1,0.01171875,0.5,0,0,0,0,0.184225969984344,1.3182973706795,63,11
A_ramp_12_sigma0_stride1,A,12,1,2,0.01953125,0.5,0,0,0,0,0.184225969984344,1.3182973706795,63,11
A_ramp_12_sigma0_stride1,A,12,1,3,0.02734375,0.5,0,0,0,0,0.184225969984344,1.3182973706795,63,11
A_ramp_12_sigma0_stride1,A,12,1,4,0.03515625,0.5,0,0,0,0,0.184225969984344,1.3182973706795,63,11
A_ramp_12_sigma0_stride1,A,12,1,5,0.04296875,0.5,0,0,0,0,0.184225969984344,1.3182973706795,63,11
A_ramp_12_sigma0_stride1,A,12,1,6,0.05078125,0.5,0,0,0,0,0.184225969984344,1.3182973706795,63,11
A_ramp_12_sigma0_stride1,A,12,1,7,0.05859375,0.5,0,0,0,0,0.184225969984344,1.3182973706795,63,11
A_ramp_12_sigma0_stride1,A,12,1,8,0.06640625,0.5,0,0,0,0,0.184225969984344,1.3182973706795,63,11
A_ramp_12_sigma0_stride1,A,12,1,9,0.07421875,0.5,0,0,0,0,0.184225969984344,1.3182973706795,63,11
A_ramp_12_sigma0_stride1,A,12,1,10,0.08203125,0.5,0,0,0,0,0.184225969984344,1.3182973706795,63,11
A_ramp_12_sigma0_stride1,A,12,1,11,0.08984375,0.5,0,0,0,0,0.184225969984344,1.3182973706795,63,11
A_ramp_12_sigma0_stride1,A,12,1,12,0.09765625,0.5,0,0,0,0,0.184225969984344,1.3182973706795,63,11
A_ramp_12_sigma0_stride1,A,12,1,13,0.10546875,0.5,0,0,0,0,0.184225969984344,1.3182973706795,63,11
A_ramp_12_sigma0_stride1,A,12,1,14,0.11328125,0.5,0,0,0,0,0.184225969984344,1.3182973706795,63,11
A_ramp_12_sigma0_stride1,A,12,1,15,0.12109375,0.5,0,0,0,0,0.184225969984344,1.3182973706795,63,11
A_ramp_12_sigma0_stride1,A,12,1,16,0.12890625,0.5,0,0,0,0,0.184225969984344,1.3182973706795,63,11
A_ramp_12_sigma0_stride1,A,12,1,17,0.13671875,0.5,0,0,0,0,0.184225969984344,1.3182973706795,63,11
A_ramp_12_sigma0_stride1,A,12,1,18,0.14453125,0.5,0,0,0,0,0.184225969984344,1.3182973706795,63,11
A_ramp_12_sigma0_stride1,A,12,1,19,0.15234375,0.5,0,0,0,0,0.184225969984344,1.3182973706795,63,11
A_ramp_12_sigma0_stride1,A,12,1,20,0.16015625,0.5,0,0,0,0,0.184225969984344,1.3182973706795,63,11
A_ramp_12_sigma0_stride1,A,12,1,21,0.16796875,0.504025849614255,0.00805169922850912,0.00805169922850912,0.00799774309174411,0.00795406694007017,0.184225969984344,1.3182973706795,63,11
A_ramp_12_sigma0_stride1,A,12,1,22,0.17578125,0.523548018874139,0.0309926392912596,0.0309926392912596,0.0282962486068812,0.02931979628257,0.184225969984344,1.31073624538248,63,10
A_ramp_12_sigma0_stride1,A,12,1,23,0.18359375,0.554540658165399,0.0309926392912596,0.0309926392912596,0.021282696812656,0.0294917610726856,0.184225969984344,1.2816876987141,63,13
A_ramp_12_sigma0_stride1,A,12,1,24,0.19140625,0.585533297456658,0.0309926392912596,0.0309926392912596,0.0296342295482066,0.0296390446544482,0.184225969984344,1.25273233234048,63,12
A_ramp_12_sigma0_stride1,A,12,1,25,0.19921875,0.616525936747918,0.0309926392912596,0.0309926392912596,0.0259689288758973,0.0297660623229445,0.184225969984344,1.22387675986099,63,9
A_ramp_12_sigma0_stride1,A,12,1,26,0.20703125,0.647518576039177,0.0309926392912596,0.0309926392912596,0.0281390745323768,0.0298763033192213,0.184225969984344,1.19563564599557,63,6
A_ramp_12_sigma0_stride1,A,12,1,27,0.21484375,0.678511215330437,0.0309926392912596,0.0309926392912596,0.0302619813586648,0.0299725499785706,0.184225969984344,1.19010600377153,63,5
A_ramp_12_sigma0_stride1,A,12,1,28,0.22265625,0.709503854621697,0.0309926392912596,0.0309926392912596,0.0154821603599547,0.0300570398960927,0.184225969984344,1.16125587401769,63,5
A_ramp_12_sigma0_stride1,A,12,1,29,0.23046875,0.740496493912956,0.0309926392912596,0.0309926392912596,0.0290292309738597,0.0301315870694164,0.184225969984344,1.1312460012491,63,7
A_ramp_12_sigma0_stride1,A,12,1,30,0.23828125,0.771489133204216,0.0309926392912596,0.0309926392912596,0.0278570885914622,0.0301976732399813,0.184225969984344,1.10129056707304,63,5
A_ramp_12_sigma0_stride1,A,12,1,31,0.24609375,0.802481772495475,0.0309926392912596,0.0309926392912596,0.0107224098613313,0.0302565173862687,0.184225969984344,1.07456190595159,63,5
A_ramp_12_sigma0_stride1,A,12,1,32,0.25390625,0.833474411786735,0.0309926392912596,0.0309926392912596,0.0268261572091472,0.0303091290543848,0.184225969984344,1.04855869979657,63,4
A_ramp_12_sigma0_stride1,A,12,1,33,0.26171875,0.864467051077995,0.0309926392912596,0.0309926392912596,0.0281921209817495,0.0303563496258118,0.184225969984344,1.02645591960385,63,3
A_ramp_12_sigma0_stride1,A,12,1,34,0.26953125,0.895459690369254,0.0309926392912596,0.0309926392912596,0.0241377028342902,0.0309012072875253,0.184225969984344,1.00088618037471,63,5
A_ramp_12_sigma0_stride1,A,12,1,35,0.27734375,0.926452329660514,0.0309926392912596,0.0309926392912596,0.022605167642493,0.0281099508702762,0.184225969984344,0.969984973087182,63,3
A_ramp_12_sigma0_stride1,A,12,1,36,0.28515625,0.957444968951774,0.0309926392912596,0.0309926392912596,0.0180118137451252,0.0308885399933998,0.184225969984344,0.950415280396443,63,3
A_ramp_12_sigma0_stride1,A,12,1,37,0.29296875,0.988437608243033,0.0309926392912596,0.0309926392912596,0.0281400112820023,0.0308811973887965,0.184225969984344,0.980788675163114,63,3
A_ramp_12_sigma0_stride1,A,12,1,38,0.30078125,1.01943024753429,0.0309926392912596,0.0309926392912596,0.0287018194527722,0.0308730511360186,0.184225969984344,1.01119965032918,63,3
A_ramp_12_sigma0_stride1,A,12,1,39,0.30859375,1.05042288682555,0.0309926392912596,0.0309926392912596,0.0156418179192678,0.0308639797788163,0.184225969984344,1.03528760009449,63,5
A_ramp_12_sigma0_stride1,A,12,1,40,0.31640625,1.08141552611681,0.0309926392912596,0.0309926392912596,0.0265032907421106,0.030853838071302,0.184225969984344,1.05669382201214,63,4
A_ramp_12_sigma0_stride1,A,12,1,41,0.32421875,1.11240816540807,0.0309926392912596,0.0309926392912596,0.0254632781925002,0.0308424511733147,0.184225969984344,1.08670106482057,63,3
A_ramp_12_sigma0_stride1,A,12,1,42,0.33203125,1.14340080469933,0.0309926392912596,0.0309926392912596,0.0288319151396427,0.030829607128226,0.184225969984344,1.11105916184575,63,3
A_ramp_12_sigma0_stride1,A,12,1,43,0.33984375,1.17439344399059,0.0309926392912596,0.0309926392912596,0.0259020843646242,0.0308150470186295,0.184225969984344,1.13568254768258,63,5
A_ramp_12_sigma0_stride1,A,12,1,44,0.34765625,1.20538608328185,0.0309926392912596,0.0309926392912596,0.0281639535526644,0.0307984519458131,0.184225969984344,1.16069906611513,63,5
A_ramp_12_sigma0_stride1,A,12,1,45,0.35546875,1.23637872257311,0.0309926392912596,0.0309926392912596,0.0270731211197105,0.0307794256098821,0.184225969984344,1.19016577526482,63,4
A_ramp_12_sigma0_stride1,A,12,1,46,0.36328125,1.26737136186437,0.0309926392912596,0.0309926392912596,0.0224488737995973,0.0307574707131119,0.184225969984344,1.21130860533638,63,3
A_ramp_12_sigma0_stride1,A,12,1,47,0.37109375,1.29836400115563,0.0309926392912596,0.0309926392912596,0.0268918671650956,0.0307319565623044,0.184225969984344,1.23704295595315,63,3
A_ramp_12_sigma0_stride1,A,12,1,48,0.37890625,1.32935664044689,0.0309926392912596,0.0309926392912596,0.00986771798612751,0.0307020739284557,0.184225969984344,1.26301349943899,63,3
A_ramp_12_sigma0_stride1,A,12,1,49,0.38671875,1.36034927973815,0.0309926392912596,0.0309926392912596,0.0231213733496538,0.0306667711310651,0.184225969984344,1.28920596183752,63,3
A_ramp_12_sigma0_stride1,A,12,1,50,0.39453125,1.39134191902941,0.0309926392912596,0.0309926392912596,0.0224672489892757,0.0306246619231931,0.184225969984344,1.31560708864394,63,3
A_ramp_12_sigma0_stride1,A,12,1,51,0.40234375,1.42233455832067,0.0309926392912596,0.0309926392912596,0.0283570477733855,0.0305738901215691,0.184225969984344,1.33186245202988,63,3
A_ramp_12_sigma0_stride1,A,12,1,52,0.41015625,1.45332719761193,0.0309926392912596,0.0309926392912596,0.0131569946418367,0.0305119263276745,0.184225969984344,1.36042302122509,63,3
A_ramp_12_sigma0_stride1,A,12,1,53,0.41796875,1.48431983690319,0.0309926392912596,0.0309926392912596,0.0291762787448551,0.030435255254307,0.184225969984344,1.38908786245214,63,3
A_ramp_12_sigma0_stride1,A,12,1,54,0.42578125,1.51531247619445,0.0309926392912596,0.0309926392912596,0.0209463244302081,0.0303388817176675,0.184225969984344,1.41785065148801,63,3
A_ramp_12_sigma0_stride1,A,12,1,55,0.43359375,1.54630511548571,0.0309926392912594,0.0309926392912594,0.0177783882849291,0.03021552631758,0.184225969984344,1.44670554627352,63,3
A_ramp_12_sigma0_stride1,A,12,1,56,0.44140625,1.57729775477697,0.0309926392912598,0.0309926392912598,0.0225110255940405,0.0292313427012008,0.184225969984344,1.45289487226387,63,3
A_ramp_12_sigma0_stride1,A,12,1,57,0.44921875,1.60829039406823,0.0309926392912594,0.0309926392912594,0.026972576069238,0.0285994536135519,0.184225969984344,1.45289487226387,63,3
A_ramp_12_sigma0_stride1,A,12,1,58,0.45703125,1.63928303335948,0.0309926392912598,0.0309926392912598,0.0197891599195099,0.0280026732707356,0.184225969984344,1.47466773388508,63,4
A_ramp_12_sigma0_stride1,A,12,1,59,0.46484375,1.67027567265074,0.0309926392912594,0.0309926392912594,0.0270725353293025,0.028038168700824,0.184225969984344,1.50244969211933,63,4
A_ramp_12_sigma0_stride1,A,12,1,60,0.47265625,1.701268311942,0.0309926392912598,0.0309926392912598,0.0143028318335761,0.0281403019861968,0.184225969984344,1.53035496428694,63,4
A_ramp_12_sigma0_stride1,A,12,1,61,0.48046875,1.73226095123326,0.0309926392912594,0.0309926392912594,0.0161433667668827,0.0204295826384715,0.184225969984344,1.55838671040254,63,4
A_ramp_12_sigma0_stride1,A,12,1,62,0.48828125,1.76325359052452,0.0309926392912598,0.0309926392912598,0.0171993491882202,0.0268903829804179,0.184225969984344,1.57881629304101,63,2
A_ramp_12_sigma0_stride1,A,12,1,63,0.49609375,1.79424622981578,0.0309926392912594,0.0309926392912594,0.0252420113707423,0.027035921822844,0.184225969984344,1.6055664114727,63,2
A_ramp_12_sigma0_stride1,A,12,1,64,0.50390625,1.82523886910704,0.0309926392912598,0.0309926392912598,0.0158129418408849,0.0259929929898757,0.184225969984344,1.63246660103885,63,2
A_ramp_12_sigma0_stride1,A,12,1,65,0.51171875,1.8562315083983,0.0309926392912594,0.0309926392912594,0.0269910541739614,0,0.184225969984344,1.6575958024088,63,2
A_ramp_12_sigma0_stride1,A,12,1,66,0.51953125,1.88722414768956,0.0309926392912598,0.0309926392912598,0.0280310139762165,0,0.184225969984344,1.6575958024088,63,2
A_ramp_12_sigma0_stride1,A,12,1,67,0.52734375,1.91821678698082,0.0309926392912594,0.0309926392912594,0.0237833828380131,0,0.184225969984344,1.6575958024088,63,2
A_ramp_12_sigma0_stride1,A,12,1,68,0.53515625,1.94920942627208,0.0309926392912598,0.0309926392912598,0.0255655781560326,0,0.184225969984344,1.6575958024088,63,2
A_ramp_12_sigma0_stride1,A,12,1,69,0.54296875,1.98020206556334,0.0309926392912594,0.0309926392912594,0.026021322597194,0,0.184225969984344,1.6575958024088,63,2
A_ramp_12_sigma0_stride1,A,12,1,70,0.55078125,2.0111947048546,0.0309926392912598,0.0309926392912598,0.0269178429390215,0,0.184225969984344,1.6575958024088,63,2
A_ramp_12_sigma0_stride1,A,12,1,71,0.55859375,2.04218734414586,0.0309926392912594,0.0309926392912594,0.0173957760521769,0,0.184225969984344,1.6575958024088,63,2
A_ramp_12_sigma0_stride1,A,12,1,72,0.56640625,2.07317998343712,0.0309926392912598,0.0309926392912598,0.0288888295625455,0,0.194962172317953,1.6575958024088,63,2
A_ramp_12_sigma0_stride1,A,12,1,73,0.57421875,2.10417262272838,0.0309926392912594,0.0309926392912594,0.0293867931488903,0,0.223851001880498,1.6575958024088,63,2
A_ramp_12_sigma0_stride1,A,12,1,74,0.58203125,2.13516526201964,0.0309926392912598,0.0309926392912598,0.0297296553960392,0,0.253237795029389,1.6575958024088,63,2
A_ramp_12_sigma0_stride1,A,12,1,75,0.58984375,2.1661579013109,0.0309926392912594,0.0309926392912594,0.0299748166937059,0,0.282967450425428,1.6575958024088,63,2
A_ramp_12_sigma0_stride1,A,12,1,76,0.59765625,2.19715054060216,0.0309926392912598,0.0309926392912598,0.0301557283275551,0,0.312942267119134,1.6575958024088,63,2
A_ramp_12_sigma0_stride1,A,12,1,77,0.60546875,2.22814317989342,0.0309926392912594,0.0309926392912594,0.0302928102648135,0,0.343097995446689,1.6575958024088,63,2
A_ramp_12_sigma0_stride1,A,12,1,78,0.61328125,2.25913581918468,0.0309926392912598,0.0309926392912598,0.0303990412147301,0,0.373390805711502,1.6575958024088,63,2
A_ramp_12_sigma0_stride1,A,12,1,79,0.62109375,2.29012845847594,0.0309926392912594,0.0309926392912594,0.0304829642789033,0,0.403789846926233,1.6575958024088,63,2
A_ramp_12_sigma0_stride1,A,12,1,80,0.62890625,2.3211210977672,0.0309926392912598,0.0309926392912598,0.0305503766887014,0,0.434272811205136,1.6575958024088,63,2
A_ramp_12_sigma0_stride1,A,12,1,81,0.63671875,2.35211373705846,0.0309926392912594,0.0309926392912594,0.0306053183873852,0,0.464823187893837,1.6575958024088,63,2
A_ramp_12_sigma0_stride1,A,12,1,82,0.64453125,2.38310637634972,0.0309926392912598,0.0309926392912598,0.0306506712660112,0,0.495428506281222,1.6575958024088,63,2
A_ramp_12_sigma0_stride1,A,12,1,83,0.65234375,2.41409901564098,0.0309926392912594,0.0309926392912594,0.0306885340183528,0,0.526079177547234,1.6575958024088,63,2
A_ramp_12_sigma0_stride1,A,12,1,84,0.66015625,2.44509165493224,0.0309926392912598,0.0309926392912598,0.0307204633074599,0,0.556767711565586,1.6575958024088,63,2
A_ramp_12_sigma0_stride1,A,12,1,85,0.66796875,2.47608429422349,0.0309926392912598,0.0309926392912598,0.030747632865249,0,0.587488174873046,1.6575958024088,63,2
A_ramp_12_sigma0_stride1,A,12,1,86,0.67578125,2.50707693351475,0.0309926392912594,0.0309926392912594,0.0307709408433026,0,0.618235807738295,1.6575958024088,63,2
A_ramp_12_sigma0_stride1,A,12,1,87,0.68359375,2.53806957280601,0.0309926392912598,0.0309926392912598,0.030791083732958,0,0.649006748581598,1.6575958024088,63,2
A_ramp_12_sigma0_stride1,A,12,1,88,0.69140625,2.56906221209727,0.0309926392912594,0.0309926392912594,0.0308086082101249,0,0.679797832314556,1.6575958024088,63,2
A_ramp_12_sigma0_stride1,A,12,1,89,0.69921875,2.60005485138853,0.0309926392912598,0.0309926392912598,0.0308239481101669,0,0.710606440524681,1.6575958024088,63,2
A_ramp_12_sigma0_stride1,A,12,1,90,0.70703125,2.63104749067979,0.0309926392912594,0.0309926392912594,0.0308374512029648,0,0.741430388634848,1.6575958024088,63,2
A_ramp_12_sigma0_stride1,A,12,1,91,0.71484375,2.66204012997105,0.0309926392912598,0.0309926392912598,0.0308493988545082,0,0.772267839837812,1.6575958024088,63,2
A_ramp_12_sigma0_stride1,A,12,1,92,0.72265625,2.69303276926231,0.0309926392912594,0.0309926392912594,0.0308600206512843,0,0.803117238692321,1.6575958024088,63,2
A_ramp_12_sigma0_stride1,A,12,1,93,0.73046875,2.72402540855357,0.0309926392912598,0.0309926392912598,0.0308695054073769,0,0.833977259343605,1.6575958024088,63,2
A_ramp_12_sigma0_stride1,A,12,1,94,0.73828125,2.75501804784483,0.0309926392912594,0.0309926392912594,0.0308780095400304,0,0.864846764750982,1.6575958024088,63,2
A_ramp_12_sigma0_stride1,A,12,1,95,0.74609375,2.78601068713609,0.0309926392912598,0.0309926392912598,0.0308856635077462,0,0.895724774291012,1.6575958024088,63,2
A_ramp_12_sigma0_stride1,A,12,1,96,0.75390625,2.81700332642735,0.0309926392912594,0.0309926392912594,0.0308925768058977,0,0.926610437798759,1.6575958024088,63,2
A_ramp_12_sigma0_stride1,A,12,1,97,0.76171875,2.84799596571861,0.0309926392912598,0.0309926392912598,0.0308988418772502,0,0.957503014604656,1.6575958024088,63,2
A_ramp_12_sigma0_stride1,A,12,1,98,0.76953125,2.87898860500987,0.0309926392912594,0.0309926392912594,0.0309045371982416,0,0.988401856481906,1.6575958024088,63,2
A_ramp_12_sigma0_stride1,A,12,1,99,0.77734375,2.90998124430113,0.0309926392912598,0.0309926392912598,0.030909729733531,0,1.01930639368015,1.6575958024088,63,2
A_ramp_12_sigma0_stride1,A,12,1,100,0.78515625,2.94097388359239,0.0309926392912594,0.0309926392912594,0.0309144769021932,0,1.05021612341368,1.6575958024088,63,2
A_ramp_12_sigma0_stride1,A,12,1,101,0.79296875,2.97196652288365,0.0309926392912598,0.0309926392912598,0.0309188281634281,0,1.08113060031587,1.6575958024088,63,2
A_ramp_12_sigma0_stride1,A,12,1,102,0.80078125,2.99373142126464,0.0125371574707214,0.0125371574707214,0.01250845374058,0,1.1120494284793,1.6575958024088,63,2
A_ramp_12_sigma0_stride1,A,12,1,103,0.80859375,3,0,0,0,0,1.12455788221988,1.6575958024088,63,2
A_ramp_12_sigma0_stride1,A,12,1,104,0.81640625,3,0,0,0,0,1.12455788221988,1.6575958024088,63,2
A_ramp_12_sigma0_stride1,A,12,1,105,0.82421875,3,0,0,0,0,1.12455788221988,1.6575958024088,63,2
A_ramp_12_sigma0_stride1,A,12,1,106,0.83203125,3,0,0,0,0,1.12455788221988,1.6575958024088,63,2
A_ramp_12_sigma0_stride1,A,12,1,107,0.83984375,3,0,0,0,0,1.12455788221988,1.6575958024088,63,2
A_ramp_12_sigma0_stride1,A,12,1,108,0.84765625,3,0,0,0,0,1.12455788221988,1.6575958024088,63,2
A_ramp_12_sigma0_stride1,A,12,1,109,0.85546875,3,0,0,0,0,1.12455788221988,1.6575958024088,63,2
A_ramp_12_sigma0_stride1,A,12,1,110,0.86328125,3,0,0,0,0,1.12455788221988,1.6575958024088,63,2
A_ramp_12_sigma0_stride1,A,12,1,111,0.87109375,3,0,0,0,0,1.12455788221988,1.6575958024088,63,2
A_ramp_12_sigma0_stride1,A,12,1,112,0.87890625,3,0,0,0,0,1.12455788221988,1.6575958024088,63,2
A_ramp_12_sigma0_stride1,A,12,1,113,0.88671875,3,0,0,0,0,1.12455788221988,1.6575958024088,63,2
A_ramp_12_sigma0_stride1,A,12,1,114,0.89453125,3,0,0,0,0,1.12455788221988,1.6575958024088,63,2
A_ramp_12_sigma0_stride1,A,12,1,115,0.90234375,3,0,0,0,0,1.12455788221988,1.6575958024088,63,2
A_ramp_12_sigma0_stride1,A,12,1,116,0.91015625,3,0,0,0,0,1.12455788221988,1.6575958024088,63,2
A_ramp_12_sigma0_stride1,A,12,1,117,0.91796875,3,0,0,0,0,1.12455788221988,1.6575958024088,63,2
A_ramp_12_sigma0_stride1,A,12,1,118,0.92578125,3,0,0,0,0,1.12455788221988,1.6575958024088,63,2
A_ramp_12_sigma0_stride1,A,12,1,119,0.93359375,3,0,0,0,0,1.12455788221988,1.6575958024088,63,2
A_ramp_12_sigma0_stride1,A,12,1,120,0.94140625,3,0,0,0,0,1.12455788221988,1.6575958024088,63,2
A_ramp_12_sigma0_stride1,A,12,1,121,0.94921875,3,0,0,0,0,1.12455788221988,1.6575958024088,63,2
A_ramp_12_sigma0_stride1,A,12,1,122,0.95703125,3,0,0,0,0,1.12455788221988,1.6575958024088,63,2
A_ramp_12_sigma0_stride1,A,12,1,123,0.96484375,3,0,0,0,0,1.12455788221988,1.6575958024088,63,2
A_ramp_12_sigma0_stride1,A,12,1,124,0.97265625,3,0,0,0,0,1.12455788221988,1.6575958024088,63,2
A_ramp_12_sigma0_stride1,A,12,1,125,0.98046875,3,0,0,0,0,1.12455788221988,1.6575958024088,63,2
A_ramp_12_sigma0_stride1,A,12,1,126,0.98828125,3,0,0,0,0,1.12455788221988,1.6575958024088,63,2
A_ramp_12_sigma0_stride1,A,12,1,127,0.99609375,3,0,0,0,0,1.12455788221988,1.6575958024088,63,2
A_ramp_12_sigma0_stride4,A,12,4,0,0.015625,0.5,0,0,0,0,0.184225969984344,1.3182973706795,63,11
A_ramp_12_sigma0_stride4,A,12,4,1,0.046875,0.5,0,0,0,0,0.184225969984344,1.3182973706795,63,11
A_ramp_12_sigma0_stride4,A,12,4,2,0.078125,0.5,0,0,0,0,0.184225969984344,1.3182973706795,63,11
A_ramp_12_sigma0_stride4,A,12,4,3,0.109375,0.5,0,0,0,0,0.184225969984344,1.3182973706795,63,11
A_ramp_12_sigma0_stride4,A,12,4,4,0.140625,0.5,0,0,0,0,0.184225969984344,1.3182973706795,63,11
A_ramp_12_sigma0_stride4,A,12,4,5,0.171875,0.535018488905514,0.0700369778110284,0.0700369778110284,0.0293288132213734,0.0663969344570809,0.184225969984344,1.3182973706795,63,11
A_ramp_12_sigma0_stride4,A,12,4,6,0.203125,0.632022256393548,0.123970557165038,0.123970557165038,0.0324080053630027,0.119253960275185,0.184225969984344,1.25273233234048,63,12
A_ramp_12_sigma0_stride4,A,12,4,7,0.234375,0.755992813558586,0.123970557165038,0.123970557165038,0.0450262089366877,0.120642817591759,0.184225969984344,1.16125587401769,63,5
A_ramp_12_sigma0_stride4,A,12,4,8,0.265625,0.879963370723625,0.123970557165038,0.123970557165038,0.0304192013758393,0.118813130142697,0.184225969984344,1.04855869979657,63,4
A_ramp_12_sigma0_stride4,A,12,4,9,0.296875,1.00393392788866,0.123970557165038,0.123970557165038,0.0332139987341459,0.123506768297031,0.184225969984344,0.950415280396443,63,3
A_ramp_12_sigma0_stride4,A,12,4,10,0.328125,1.1279044850537,0.123970557165038,0.123970557165038,0.0237739653396586,0.123340943391472,0.184225969984344,1.05669382201214,63,4
A_ramp_12_sigma0_stride4,A,12,4,11,0.359375,1.25187504221874,0.123970557165038,0.123970557165038,0.0150222611235578,0.123067304831112,0.184225969984344,1.16069906611513,63,5
A_ramp_12_sigma0_stride4,A,12,4,12,0.390625,1.37584559938378,0.123970557165038,0.123970557165038,0.030251659922765,0.122567397104283,0.184225969984344,1.26301349943899,63,3
A_ramp_12_sigma0_stride4,A,12,4,13,0.421875,1.49981615654882,0.123970557165038,0.123970557165038,0.0230582425146214,0.121501589617229,0.184225969984344,1.36042302122509,63,3
A_ramp_12_sigma0_stride4,A,12,4,14,0.453125,1.62378671371386,0.123970557165038,0.123970557165038,0.0343426672147789,0.0774600920230699,0.184225969984344,1.45289487226387,63,3
A_ramp_12_sigma0_stride4,A,12,4,15,0.484375,1.74775727087889,0.123970557165038,0.123970557165038,0.0483285290344089,0.102111636751905,0.184225969984344,1.53035496428694,63,4
A_ramp_12_sigma0_stride4,A,12,4,16,0.515625,1.87172782804393,0.123970557165038,0.123970557165038,0.0695150738607119,0.0259929929898757,0.184225969984344,1.63246660103885,63,2
A_ramp_12_sigma0_stride4,A,12,4,17,0.546875,1.99569838520897,0.123970557165038,0.123970557165038,0.09028432422578,0,0.184225969984344,1.6575958024088,63,2
A_ramp_12_sigma0_stride4,A,12,4,18,0.578125,2.11966894237401,0.123970557165038,0.123970557165038,0.117980094801181,0,0.194962172317953,1.6575958024088,63,2
A_ramp_12_sigma0_stride4,A,12,4,19,0.609375,2.24363949953905,0.123970557165038,0.123970557165038,0.121330544086002,0,0.312942267119134,1.6575958024088,63,2
A_ramp_12_sigma0_stride4,A,12,4,20,0.640625,2.36761005670409,0.123970557165038,0.123970557165038,0.122494900360451,0,0.434272811205136,1.6575958024088,63,2
A_ramp_12_sigma0_stride4,A,12,4,21,0.671875,2.49158061386912,0.123970557165039,0.123970557165039,0.123030120748969,0,0.556767711565586,1.6575958024088,63,2
A_ramp_12_sigma0_stride4,A,12,4,22,0.703125,2.61555117103416,0.123970557165038,0.123970557165038,0.123319406377765,0,0.679797832314556,1.6575958024088,63,2
A_ramp_12_sigma0_stride4,A,12,4,23,0.734375,2.7395217281992,0.123970557165038,0.123970557165038,0.123493199106438,0,0.803117238692321,1.6575958024088,63,2
A_ramp_12_sigma0_stride4,A,12,4,24,0.765625,2.86349228536424,0.123970557165038,0.123970557165038,0.123605685614921,0,0.926610437798759,1.6575958024088,63,2
A_ramp_12_sigma0_stride4,A,12,4,25,0.796875,2.96273878197338,0.0745224360532406,0.0745224360532406,0.0743417588062012,0,1.05021612341368,1.6575958024088,63,2
A_ramp_12_sigma0_stride4,A,12,4,26,0.828125,3,0,0,0,0,1.12455788221988,1.6575958024088,63,2
A_ramp_12_sigma0_stride4,A,12,4,27,0.859375,3,0,0,0,0,1.12455788221988,1.6575958024088,63,2
A_ramp_12_sigma0_stride4,A,12,4,28,0.890625,3,0,0,0,0,1.12455788221988,1.6575958024088,63,2
A_ramp_12_sigma0_stride4,A,12,4,29,0.921875,3,0,0,0,0,1.12455788221988,1.6575958024088,63,2
A_ramp_12_sigma0_stride4,A,12,4,30,0.953125,3,0,0,0,0,1.12455788221988,1.6575958024088,63,2
A_ramp_12_sigma0_stride4,A,12,4,31,0.984375,3,0,0,0,0,1.12455788221988,1.6575958024088,63,2
B_ramp_11_sigma0_stride1,B,11,1,0,0.00390625,0.5,0,0,0,0,,,0,0
B_ramp_11_sigma0_stride1,B,11,1,1,0.01171875,0.5,0,0,0,0,,,0,0
B_ramp_11_sigma0_stride1,B,11,1,2,0.01953125,0.5,0,0,0,0,,,0,0
B_ramp_11_sigma0_stride1,B,11,1,3,0.02734375,0.5,0,0,0,0,,,0,0
B_ramp_11_sigma0_stride1,B,11,1,4,0.03515625,0.5,0,0,0,0,,,0,0
B_ramp_11_sigma0_stride1,B,11,1,5,0.04296875,0.5,0,0,0,0,,,0,0
B_ramp_11_sigma0_stride1,B,11,1,6,0.05078125,0.5,0,0,0,0,,,0,0
B_ramp_11_sigma0_stride1,B,11,1,7,0.05859375,0.5,0,0,0,0,,,0,0
B_ramp_11_sigma0_stride1,B,11,1,8,0.06640625,0.5,0,0,0,0,,,0,0
B_ramp_11_sigma0_stride1,B,11,1,9,0.07421875,0.5,0,0,0,0,,,0,0
B_ramp_11_sigma0_stride1,B,11,1,10,0.08203125,0.5,0,0,0,0,,,0,0
B_ramp_11_sigma0_stride1,B,11,1,11,0.08984375,0.5,0,0,0,0,,,0,0
B_ramp_11_sigma0_stride1,B,11,1,12,0.09765625,0.5,0,0,0,0,,,0,0
B_ramp_11_sigma0_stride1,B,11,1,13,0.10546875,0.5,0,0,0,0,,,0,0
B_ramp_11_sigma0_stride1,B,11,1,14,0.11328125,0.5,0,0,0,0,,,0,0
B_ramp_11_sigma0_stride1,B,11,1,15,0.12109375,0.5,0,0,0,0,,,0,0
B_ramp_11_sigma0_stride1,B,11,1,16,0.12890625,0.5,0,0,0,0,,,0,0
B_ramp_11_sigma0_stride1,B,11,1,17,0.13671875,0.5,0,0,0,0,,,0,0
B_ramp_11_sigma0_stride1,B,11,1,18,0.14453125,0.5,0,0,0,0,,,0,0
B_ramp_11_sigma0_stride1,B,11,1,19,0.15234375,0.5,0,0,0,0,,,0,0
B_ramp_11_sigma0_stride1,B,11,1,20,0.16015625,0.5,0,0,0,0,,,0,0
B_ramp_11_sigma0_stride1,B,11,1,21,0.16796875,0.512593048471166,0.0251860969423319,0.0251860969423319,0,0,,,0,0
B_ramp_11_sigma0_stride1,B,11,1,22,0.17578125,0.5416975711927,0.0330229485007357,0.0330229485007357,0,0,,,0,0
B_ramp_11_sigma0_stride1,B,11,1,23,0.18359375,0.574720519693436,0.0330229485007357,0.0330229485007357,0,0,,,0,0
B_ramp_11_sigma0_stride1,B,11,1,24,0.19140625,0.607743468194171,0.0330229485007358,0.0330229485007358,0,0,,,0,0
B_ramp_11_sigma0_stride1,B,11,1,25,0.19921875,0.640766416694907,0.0330229485007357,0.0330229485007357,0,0,,,0,0
B_ramp_11_sigma0_stride1,B,11,1,26,0.20703125,0.673789365195643,0.0330229485007357,0.0330229485007357,0,0,,,0,0
B_ramp_11_sigma0_stride1,B,11,1,27,0.21484375,0.706812313696378,0.0330229485007357,0.0330229485007357,0,0,,,0,0
B_ramp_11_sigma0_stride1,B,11,1,28,0.22265625,0.739835262197114,0.0330229485007357,0.0330229485007357,0,0,,,0,0
B_ramp_11_sigma0_stride1,B,11,1,29,0.23046875,0.77285821069785,0.0330229485007358,0.0330229485007358,0,0,,,0,0
B_ramp_11_sigma0_stride1,B,11,1,30,0.23828125,0.805881159198586,0.0330229485007356,0.0330229485007356,0,0,,,0,0
B_ramp_11_sigma0_stride1,B,11,1,31,0.24609375,0.838904107699321,0.0330229485007358,0.0330229485007358,0,0,,,0,0
B_ramp_11_sigma0_stride1,B,11,1,32,0.25390625,0.871927056200057,0.0330229485007357,0.0330229485007357,0,0,,,0,0
B_ramp_11_sigma0_stride1,B,11,1,33,0.26171875,0.904950004700793,0.0330229485007357,0.0330229485007357,0,0,,,0,0
B_ramp_11_sigma0_stride1,B,11,1,34,0.26953125,0.937972953201529,0.0330229485007358,0.0330229485007358,0.00577175975221716,0,,,0,0
B_ramp_11_sigma0_stride1,B,11,1,35,0.27734375,0.970995901702264,0.0330229485007356,0.0330229485007356,0.017210111160915,0,-0.996463912831125,,1,0
B_ramp_11_sigma0_stride1,B,11,1,36,0.28515625,1.004018850203,0.0330229485007358,0.0330229485007358,0.0281317752222798,0,-0.956173927154651,,1,0
B_ramp_11_sigma0_stride1,B,11,1,37,0.29296875,1.03704179870374,0.0330229485007356,0.0330229485007356,0.0385009643693109,0,-0.916231602432596,,1,0
B_ramp_11_sigma0_stride1,B,11,1,38,0.30078125,1.07006474720447,0.0330229485007358,0.0330229485007358,0.0389710909673748,0,-0.876730810554159,,1,0
B_ramp_11_sigma0_stride1,B,11,1,39,0.30859375,1.10308769570521,0.0330229485007358,0.0330229485007358,0.0383591603367742,0,-0.837759719586784,,1,0
B_ramp_11_sigma0_stride1,B,11,1,40,0.31640625,1.13611064420594,0.0330229485007356,0.0330229485007356,0.037671123137888,0,-0.79940055925001,,1,0
B_ramp_11_sigma0_stride1,B,11,1,41,0.32421875,1.16913359270668,0.0330229485007358,0.0330229485007358,0.0369132382412196,0,-0.761729436112122,,1,0
B_ramp_11_sigma0_stride1,B,11,1,42,0.33203125,1.20215654120741,0.0330229485007356,0.0330229485007356,0.0360918522203869,0,-0.724816197870902,,1,0
B_ramp_11_sigma0_stride1,B,11,1,43,0.33984375,1.23517948970815,0.0330229485007358,0.0330229485007358,0.03521335280349,0,-0.688724345650515,,1,0
B_ramp_11_sigma0_stride1,B,11,1,44,0.34765625,1.26820243820889,0.0330229485007356,0.0330229485007356,0.0342841241583459,0,-0.653510992847025,,1,0
B_ramp_11_sigma0_stride1,B,11,1,45,0.35546875,1.30122538670962,0.0330229485007361,0.0330229485007361,0.0333105043419198,0,-0.619226868688679,,1,0
B_ramp_11_sigma0_stride1,B,11,1,46,0.36328125,1.33424833521036,0.0330229485007356,0.0330229485007356,0.0322987452059368,0,-0.585916364346759,,1,0
B_ramp_11_sigma0_stride1,B,11,1,47,0.37109375,1.36727128371109,0.0330229485007356,0.0330229485007356,0.0312549750106881,0,-0.553617619140822,,1,0
B_ramp_11_sigma0_stride1,B,11,1,48,0.37890625,1.40029423221183,0.0330229485007358,0.0330229485007358,0.0301851639579405,0,-0.522362644130134,,1,0
B_ramp_11_sigma0_stride1,B,11,1,49,0.38671875,1.43331718071257,0.0330229485007358,0.0330229485007358,0.0290950928123395,0,-0.492177480172194,,1,0
B_ramp_11_sigma0_stride1,B,11,1,50,0.39453125,1.4663401292133,0.0330229485007356,0.0330229485007356,0.0279903247392209,0,-0.463082387359854,,1,0
B_ramp_11_sigma0_stride1,B,11,1,51,0.40234375,1.49936307771404,0.0330229485007358,0.0330229485007358,0.0268761804459081,0,-0.435092062620634,,1,0
B_ramp_11_sigma0_stride1,B,11,1,52,0.41015625,1.53238602621477,0.0330229485007356,0.0330229485007356,0.0257577166738736,0,-0.408215882174725,,1,0
B_ramp_11_sigma0_stride1,B,11,1,53,0.41796875,1.56540897471551,0.0330229485007358,0.0330229485007358,0.0246397080510395,0,-0.382458165500852,,1,0
B_ramp_11_sigma0_stride1,B,11,1,54,0.42578125,1.59843192321624,0.0330229485007356,0.0330229485007356,0.0235266322773705,0,-0.357818457449812,,1,0
B_ramp_11_sigma0_stride1,B,11,1,55,0.43359375,1.63145487171698,0.0330229485007356,0.0330229485007356,0.0224226585831994,0,-0.334291825172442,,1,0
B_ramp_11_sigma0_stride1,B,11,1,56,0.44140625,1.66447782021771,0.0330229485007358,0.0330229485007358,0.0213316393686577,0,-0.311869166589242,,1,0
B_ramp_11_sigma0_stride1,B,11,1,57,0.44921875,1.69750076871845,0.0330229485007358,0.0330229485007358,0.0202571049044644,0,-0.290537527220585,,1,0
B_ramp_11_sigma0_stride1,B,11,1,58,0.45703125,1.73052371721919,0.0330229485007356,0.0330229485007356,0.019202260949343,0,-0.27028042231612,,1,0
B_ramp_11_sigma0_stride1,B,11,1,59,0.46484375,1.76354666571992,0.0330229485007358,0.0330229485007358,0.0181699891175976,0,-0.251078161366777,,1,0
B_ramp_11_sigma0_stride1,B,11,1,60,0.47265625,1.79656961422066,0.0330229485007358,0.0330229485007358,0.0171628498120146,0,-0.23290817224918,,1,0
B_ramp_11_sigma0_stride1,B,11,1,61,0.48046875,1.82959256272139,0.0330229485007356,0.0330229485007356,0.0161830875222705,0,-0.215745322437165,,1,0
B_ramp_11_sigma0_stride1,B,11,1,62,0.48828125,1.86261551122213,0.0330229485007358,0.0330229485007358,0.0152326382773877,0,-0.199562234914895,,1,0
B_ramp_11_sigma0_stride1,B,11,1,63,0.49609375,1.89563845972287,0.0330229485007358,0.0330229485007358,0.0143131390324559,0,-0.184329596637507,,1,0
B_ramp_11_sigma0_stride1,B,11,1,64,0.50390625,1.9286614082236,0.0330229485007354,0.0330229485007354,0.0134259387646879,0,-0.170016457605051,,1,0
B_ramp_11_sigma0_stride1,B,11,1,65,0.51171875,1.96168435672434,0.0330229485007358,0.0330229485007358,0.0125721110517577,0,-0.156590518840363,,1,0
B_ramp_11_sigma0_stride1,B,11,1,66,0.51953125,1.99470730522507,0.0330229485007356,0.0330229485007356,0.0117524679061124,0,-0.144018407788605,,1,0
B_ramp_11_sigma0_stride1,B,11,1,67,0.52734375,2.02773025372581,0.0330229485007361,0.0330229485007361,0.0109675746423235,0,-0.132265939882493,,1,0
B_ramp_11_sigma0_stride1,B,11,1,68,0.53515625,2.06075320222654,0.0330229485007356,0.0330229485007356,0.0102177655603228,0,-0.121298365240169,,1,0
B_ramp_11_sigma0_stride1,B,11,1,69,0.54296875,2.09377615072728,0.0330229485007361,0.0330229485007361,0.00950316023530451,0,-0.111080599679847,,1,0
B_ramp_11_sigma0_stride1,B,11,1,70,0.55078125,2.12679909922802,0.0330229485007356,0.0330229485007356,0.00882368021488703,0,-0.101577439444542,,1,0
B_ramp_11_sigma0_stride1,B,11,1,71,0.55859375,2.15982204772875,0.0330229485007356,0.0330229485007356,0.0081790659355678,0,-0.0927537592296552,,1,0
B_ramp_11_sigma0_stride1,B,11,1,72,0.56640625,2.19284499622949,0.0330229485007356,0.0330229485007356,0.00756889368326387,0,-0.0845746932940874,,1,0
B_ramp_11_sigma0_stride1,B,11,1,73,0.57421875,2.22586794473022,0.0330229485007356,0.0330229485007356,0.00699259243656847,0,-0.0770057996108235,,1,0
B_ramp_11_sigma0_stride1,B,11,1,74,0.58203125,2.25889089323096,0.0330229485007361,0.0330229485007361,0.00644946044597501,0,-0.070013207174255,,1,0
B_ramp_11_sigma0_stride1,B,11,1,75,0.58984375,2.29191384173169,0.0330229485007356,0.0330229485007356,0.00593868141748623,0,-0.06356374672828,,1,0
B_ramp_11_sigma0_stride1,B,11,1,76,0.59765625,2.32493679023243,0.0330229485007361,0.0330229485007361,0.00545934018447932,0,-0.0576250653107938,,1,0
B_ramp_11_sigma0_stride1,B,11,1,77,0.60546875,2.35795973873317,0.0330229485007356,0.0330229485007356,0.00501043776721512,0,-0.0521657251263145,,1,0
B_ramp_11_sigma0_stride1,B,11,1,78,0.61328125,2.3909826872339,0.0330229485007356,0.0330229485007356,0.00459090573475415,0,-0.0471552873590994,,1,0
B_ramp_11_sigma0_stride1,B,11,1,79,0.62109375,2.42400563573464,0.0330229485007356,0.0330229485007356,0.00422234812383815,0,-0.0425643816243452,,1,0
B_ramp_11_sigma0_stride1,B,11,1,80,0.62890625,2.45702858423537,0.0330229485007356,0.0330229485007356,0.0055666625722891,0,-0.0383647618252772,,1,0
B_ramp_11_sigma0_stride1,B,11,1,81,0.63671875,2.49005153273611,0.0330229485007361,0.0330229485007361,0.00688572227392037,0,-0.0345293492396101,,1,0
B_ramp_11_sigma0_stride1,B,11,1,82,0.64453125,2.52307448123684,0.0330229485007356,0.0330229485007356,0.00817368887731129,0,-0.0310322637006794,,1,0
B_ramp_11_sigma0_stride1,B,11,1,83,0.65234375,2.55609742973758,0.0330229485007361,0.0330229485007361,0.00942495795217435,0,-0.0278488437672597,,1,0
B_ramp_11_sigma0_stride1,B,11,1,84,0.66015625,2.58912037823832,0.0330229485007356,0.0330229485007356,0.00499152229541189,0,-0.0249556567925929,,1,0
B_ramp_11_sigma0_stride1,B,11,1,85,0.66796875,2.62214332673905,0.0330229485007356,0.0330229485007356,0.00878759694516951,0,-0.022330499808409,,1,0
B_ramp_11_sigma0_stride1,B,11,1,86,0.67578125,2.65516627523979,0.0330229485007361,0.0330229485007361,0.00751680385851072,0,-0.0199523921347398,,1,0
B_ramp_11_sigma0_stride1,B,11,1,87,0.68359375,2.68818922374052,0.0330229485007352,0.0330229485007352,0.00621215733930747,0,-0.0178015606121737,,1,0
B_ramp_11_sigma0_stride1,B,11,1,88,0.69140625,2.72121217224126,0.0330229485007361,0.0330229485007361,0.00487938693880463,0,-0.0158594183309394,,1,0
B_ramp_11_sigma0_stride1,B,11,1,89,0.69921875,2.75423512074199,0.0330229485007356,0.0330229485007356,0.00352443429687344,0,-0.0141085377019225,,1,0
B_ramp_11_sigma0_stride1,B,11,1,90,0.70703125,2.78725806924273,0.0330229485007361,0.0330229485007361,0.00215340903683048,0,-0.0125326186794673,,1,0
B_ramp_11_sigma0_stride1,B,11,1,91,0.71484375,2.82028101774347,0.0330229485007356,0.0330229485007356,0.00127056840415745,0,-0.0111164529056364,,1,0
B_ramp_11_sigma0_stride1,B,11,1,92,0.72265625,2.8533039662442,0.0330229485007356,0.0330229485007356,0.00113811631773899,0,-0.00984588450147893,,1,0
B_ramp_11_sigma0_stride1,B,11,1,93,0.73046875,2.88632691474494,0.0330229485007361,0.0330229485007361,0.00199345864270306,0,-0.00870776818373994,,1,0
B_ramp_11_sigma0_stride1,B,11,1,94,0.73828125,2.91934986324567,0.0330229485007356,0.0330229485007356,0.00336594820263314,0,-0.00768992533621021,,1,0
B_ramp_11_sigma0_stride1,B,11,1,95,0.74609375,2.95237281174641,0.0330229485007356,0.0330229485007356,0.00472308335579785,0,-0.00678109861438378,,1,0
B_ramp_11_sigma0_stride1,B,11,1,96,0.75390625,2.98444214299839,0.031115714003223,0.031115714003223,0.00567293016270076,0,-0.00597090561100284,,1,0
B_ramp_11_sigma0_stride1,B,11,1,97,0.76171875,3,0,0,0,0,-0.00528917408253344,,1,0
B_ramp_11_sigma0_stride1,B,11,1,98,0.76953125,3,0,0,0,0,-0.00528917408253344,,1,0
B_ramp_11_sigma0_stride1,B,11,1,99,0.77734375,3,0,0,0,0,-0.00528917408253344,,1,0
B_ramp_11_sigma0_stride1,B,11,1,100,0.78515625,3,0,0,0,0,-0.00528917408253344,,1,0
B_ramp_11_sigma0_stride1,B,11,1,101,0.79296875,3,0,0,0,0,-0.00528917408253344,,1,0
B_ramp_11_sigma0_stride1,B,11,1,102,0.80078125,3,0,0,0,0,-0.00528917408253344,,1,0
B_ramp_11_sigma0_stride1,B,11,1,103,0.80859375,3,0,0,0,0,-0.00528917408253344,,1,0
B_ramp_11_sigma0_stride1,B,11,1,104,0.81640625,3,0,0,0,0,-0.00528917408253344,,1,0
B_ramp_11_sigma0_stride1,B,11,1,105,0.82421875,3,0,0,0,0,-0.00528917408253344,,1,0
B_ramp_11_sigma0_stride1,B,11,1,106,0.83203125,3,0,0,0,0,-0.00528917408253344,,1,0
B_ramp_11_sigma0_stride1,B,11,1,107,0.83984375,3,0,0,0,0,-0.00528917408253344,,1,0
B_ramp_11_sigma0_stride1,B,11,1,108,0.84765625,3,0,0,0,0,-0.00528917408253344,,1,0
B_ramp_11_sigma0_stride1,B,11,1,109,0.85546875,3,0,0,0,0,-0.00528917408253344,,1,0
B_ramp_11_sigma0_stride1,B,11,1,110,0.86328125,3,0,0,0,0,-0.00528917408253344,,1,0
B_ramp_11_sigma0_stride1,B,11,1,111,0.87109375,3,0,0,0,0,-0.00528917408253344,,1,0
B_ramp_11_sigma0_stride1,B,11,1,112,0.87890625,3,0,0,0,0,-0.00528917408253344,,1,0
B_ramp_11_sigma0_stride1,B,11,1,113,0.88671875,3,0,0,0,0,-0.00528917408253344,,1,0
B_ramp_11_sigma0_stride1,B,11,1,114,0.89453125,3,0,0,0,0,-0.00528917408253344,,1,0
B_ramp_11_sigma0_stride1,B,11,1,115,0.90234375,3,0,0,0,0,-0.00528917408253344,,1,0
B_ramp_11_sigma0_stride1,B,11,1,116,0.91015625,3,0,0,0,0,-0.00528917408253344,,1,0
B_ramp_11_sigma0_stride1,B,11,1,117,0.91796875,3,0,0,0,0,-0.00528917408253344,,1,0
B_ramp_11_sigma0_stride1,B,11,1,118,0.92578125,3,0,0,0,0,-0.00528917408253344,,1,0
B_ramp_11_sigma0_stride1,B,11,1,119,0.93359375,3,0,0,0,0,-0.00528917408253344,,1,0
B_ramp_11_sigma0_stride1,B,11,1,120,0.94140625,3,0,0,0,0,-0.00528917408253344,,1,0
B_ramp_11_sigma0_stride1,B,11,1,121,0.94921875,3,0,0,0,0,-0.00528917408253344,,1,0
B_ramp_11_sigma0_stride1,B,11,1,122,0.95703125,3,0,0,0,0,-0.00528917408253344,,1,0
B_ramp_11_sigma0_stride1,B,11,1,123,0.96484375,3,0,0,0,0,-0.00528917408253344,,1,0
B_ramp_11_sigma0_stride1,B,11,1,124,0.97265625,3,0,0,0,0,-0.00528917408253344,,1,0
B_ramp_11_sigma0_stride1,B,11,1,125,0.98046875,3,0,0,0,0,-0.00528917408253344,,1,0
B_ramp_11_sigma0_stride1,B,11,1,126,0.98828125,3,0,0,0,0,-0.00528917408253344,,1,0
B_ramp_11_sigma0_stride1,B,11,1,127,0.99609375,3,0,0,0,0,-0.00528917408253344,,1,0
B_ramp_11_sigma0_stride4,B,11,4,0,0.015625,0.5,0,0,0,0,,,0,0
B_ramp_11_sigma0_stride4,B,11,4,1,0.046875,0.5,0,0,0,0,,,0,0
B_ramp_11_sigma0_stride4,B,11,4,2,0.078125,0.5,0,0,0,0,,,0,0
B_ramp_11_sigma0_stride4,B,11,4,3,0.109375,0.5,0,0,0,0,,,0,0
B_ramp_11_sigma0_stride4,B,11,4,4,0.140625,0.5,0,0,0,0,,,0,0
B_ramp_11_sigma0_stride4,B,11,4,5,0.171875,0.545615996971902,0.0912319939438033,0.0912319939438033,0,0,,,0,0
B_ramp_11_sigma0_stride4,B,11,4,6,0.203125,0.657277890945275,0.132091794002943,0.132091794002943,0,0,,,0,0
B_ramp_11_sigma0_stride4,B,11,4,7,0.234375,0.789369684948218,0.132091794002943,0.132091794002943,0,0,,,0,0
B_ramp_11_sigma0_stride4,B,11,4,8,0.265625,0.921461478951161,0.132091794002943,0.132091794002943,0.017210111160915,0,,,0,0
B_ramp_11_sigma0_stride4,B,11,4,9,0.296875,1.0535532729541,0.132091794002943,0.132091794002943,0.0574634679170568,0,-0.956173927154651,,1,0
B_ramp_11_sigma0_stride4,B,11,4,10,0.328125,1.18564506695705,0.132091794002943,0.132091794002943,0.131771849889954,0,-0.79940055925001,,1,0
B_ramp_11_sigma0_stride4,B,11,4,11,0.359375,1.31773686095999,0.132091794002943,0.132091794002943,0.131148348716891,0,-0.653510992847025,,1,0
B_ramp_11_sigma0_stride4,B,11,4,12,0.390625,1.44982865496293,0.132091794002943,0.132091794002943,0.114146761955409,0,-0.522362644130134,,1,0
B_ramp_11_sigma0_stride4,B,11,4,13,0.421875,1.58192044896588,0.132091794002943,0.132091794002943,0.096346715585483,0,-0.408215882174725,,1,0
B_ramp_11_sigma0_stride4,B,11,4,14,0.453125,1.71401224296882,0.132091794002943,0.132091794002943,0.0789609943400627,0,-0.311869166589242,,1,0
B_ramp_11_sigma0_stride4,B,11,4,15,0.484375,1.84610403697176,0.132091794002943,0.132091794002943,0.0628917146441288,0,-0.23290817224918,,1,0
B_ramp_11_sigma0_stride4,B,11,4,16,0.515625,1.9781958309747,0.132091794002943,0.132091794002943,0.0487180923648815,0,-0.170016457605051,,1,0
B_ramp_11_sigma0_stride4,B,11,4,17,0.546875,2.11028762497765,0.132091794002943,0.132091794002943,0.0367236719460821,0,-0.121298365240169,,1,0
B_ramp_11_sigma0_stride4,B,11,4,18,0.578125,2.24237941898059,0.132091794002943,0.132091794002943,0.0269496279832936,0,-0.0845746932940874,,1,0
B_ramp_11_sigma0_stride4,B,11,4,19,0.609375,2.37447121298353,0.132091794002943,0.132091794002943,0.0192603034855166,0,-0.0576250653107938,,1,0
B_ramp_11_sigma0_stride4,B,11,4,20,0.640625,2.50656300698648,0.132091794002943,0.132091794002943,0.0300510316756951,0,-0.0383647618252772,,1,0
B_ramp_11_sigma0_stride4,B,11,4,21,0.671875,2.63865480098942,0.132091794002942,0.132091794002942,0.0275080804383996,0,-0.0249556567925929,,1,0
B_ramp_11_sigma0_stride4,B,11,4,22,0.703125,2.77074659499236,0.132091794002943,0.132091794002943,0.0113297731527037,0,-0.0158594183309394,,1,0
B_ramp_11_sigma0_stride4,B,11,4,23,0.734375,2.90283838899531,0.132091794002943,0.132091794002943,0.010694347737596,0,-0.00984588450147893,,1,0
B_ramp_11_sigma0_stride4,B,11,4,24,0.765625,2.98444214299839,0.031115714003223,0.031115714003223,0.00567293016270076,0,-0.00597090561100284,,1,0
B_ramp_11_sigma0_stride4,B,11,4,25,0.796875,3,0,0,0,0,-0.00528917408253344,,1,0
B_ramp_11_sigma0_stride4,B,11,4,26,0.828125,3,0,0,0,0,-0.00528917408253344,,1,0
B_ramp_11_sigma0_stride4,B,11,4,27,0.859375,3,0,0,0,0,-0.00528917408253344,,1,0
B_ramp_11_sigma0_stride4,B,11,4,28,0.890625,3,0,0,0,0,-0.00528917408253344,,1,0
B_ramp_11_sigma0_stride4,B,11,4,29,0.921875,3,0,0,0,0,-0.00528917408253344,,1,0
B_ramp_11_sigma0_stride4,B,11,4,30,0.953125,3,0,0,0,0,-0.00528917408253344,,1,0
B_ramp_11_sigma0_stride4,B,11,4,31,0.984375,3,0,0,0,0,-0.00528917408253344,,1,0
B_ramp_12_sigma0_stride1,B,12,1,0,0.00390625,0.5,0,0,0,0,,,0,0
B_ramp_12_sigma0_stride1,B,12,1,1,0.01171875,0.5,0,0,0,0,,,0,0
B_ramp_12_sigma0_stride1,B,12,1,2,0.01953125,0.5,0,0,0,0,,,0,0
B_ramp_12_sigma0_stride1,B,12,1,3,0.02734375,0.5,0,0,0,0,,,0,0
B_ramp_12_sigma0_stride1,B,12,1,4,0.03515625,0.5,0,0,0,0,,,0,0
B_ramp_12_sigma0_stride1,B,12,1,5,0.04296875,0.5,0,0,0,0,,,0,0
B_ramp_12_sigma0_stride1,B,12,1,6,0.05078125,0.5,0,0,0,0,,,0,0
B_ramp_12_sigma0_stride1,B,12,1,7,0.05859375,0.5,0,0,0,0,,,0,0
B_ramp_12_sigma0_stride1,B,12,1,8,0.06640625,0.5,0,0,0,0,,,0,0
B_ramp_12_sigma0_stride1,B,12,1,9,0.07421875,0.5,0,0,0,0,,,0,0
B_ramp_12_sigma0_stride1,B,12,1,10,0.08203125,0.5,0,0,0,0,,,0,0
B_ramp_12_sigma0_stride1,B,12,1,11,0.08984375,0.5,0,0,0,0,,,0,0
B_ramp_12_sigma0_stride1,B,12,1,12,0.09765625,0.5,0,0,0,0,,,0,0
B_ramp_12_sigma0_stride1,B,12,1,13,0.10546875,0.5,0,0,0,0,,,0,0
B_ramp_12_sigma0_stride1,B,12,1,14,0.11328125,0.5,0,0,0,0,,,0,0
B_ramp_12_sigma0_stride1,B,12,1,15,0.12109375,0.5,0,0,0,0,,,0,0
B_ramp_12_sigma0_stride1,B,12,1,16,0.12890625,0.5,0,0,0,0,,,0,0
B_ramp_12_sigma0_stride1,B,12,1,17,0.13671875,0.5,0,0,0,0,,,0,0
B_ramp_12_sigma0_stride1,B,12,1,18,0.14453125,0.5,0,0,0,0,,,0,0
B_ramp_12_sigma0_stride1,B,12,1,19,0.15234375,0.5,0,0,0,0,,,0,0
B_ramp_12_sigma0_stride1,B,12,1,20,0.16015625,0.5,0,0,0,0,,,0,0
B_ramp_12_sigma0_stride1,B,12,1,21,0.16796875,0.507363768979127,0.0147275379582543,0.0147275379582543,0,0,,,0,0
B_ramp_12_sigma0_stride1,B,12,1,22,0.17578125,0.529200818596166,0.0289465612758232,0.0289465612758232,0,0,,,0,0
B_ramp_12_sigma0_stride1,B,12,1,23,0.18359375,0.558147379871989,0.0289465612758231,0.0289465612758231,0,0,,,0,0
B_ramp_12_sigma0_stride1,B,12,1,24,0.19140625,0.587093941147812,0.0289465612758232,0.0289465612758232,0,0,,,0,0
B_ramp_12_sigma0_stride1,B,12,1,25,0.19921875,0.616040502423635,0.0289465612758232,0.0289465612758232,0,0,,,0,0
B_ramp_12_sigma0_stride1,B,12,1,26,0.20703125,0.644987063699459,0.0289465612758232,0.0289465612758232,0,0,,,0,0
B_ramp_12_sigma0_stride1,B,12,1,27,0.21484375,0.673933624975282,0.0289465612758231,0.0289465612758231,0,0,,,0,0
B_ramp_12_sigma0_stride1,B,12,1,28,0.22265625,0.702880186251105,0.0289465612758232,0.0289465612758232,0,0,,,0,0
B_ramp_12_sigma0_stride1,B,12,1,29,0.23046875,0.731826747526928,0.0289465612758232,0.0289465612758232,0,0,,,0,0
B_ramp_12_sigma0_stride1,B,12,1,30,0.23828125,0.760773308802751,0.0289465612758231,0.0289465612758231,0,0,,,0,0
B_ramp_12_sigma0_stride1,B,12,1,31,0.24609375,0.789719870078574,0.0289465612758231,0.0289465612758231,0,0,,,0,0
B_ramp_12_sigma0_stride1,B,12,1,32,0.25390625,0.818666431354397,0.0289465612758233,0.0289465612758233,0,0,,,0,0
B_ramp_12_sigma0_stride1,B,12,1,33,0.26171875,0.84761299263022,0.0289465612758231,0.0289465612758231,0,0,,,0,0
B_ramp_12_sigma0_stride1,B,12,1,34,0.26953125,0.876559553906044,0.0289465612758231,0.0289465612758231,0,0,,,0,0
B_ramp_12_sigma0_stride1,B,12,1,35,0.27734375,0.905506115181867,0.0289465612758233,0.0289465612758233,0,0,,,0,0
B_ramp_12_sigma0_stride1,B,12,1,36,0.28515625,0.93445267645769,0.0289465612758231,0.0289465612758231,0,0,,,0,0
B_ramp_12_sigma0_stride1,B,12,1,37,0.29296875,0.963399237733513,0.0289465612758232,0.0289465612758232,0,0,,,0,0
B_ramp_12_sigma0_stride1,B,12,1,38,0.30078125,0.992345799009336,0.0289465612758232,0.0289465612758232,0.00684469669698196,0,,,0,0
B_ramp_12_sigma0_stride1,B,12,1,39,0.30859375,1.02129236028516,0.0289465612758231,0.0289465612758231,0.015023950876311,0,-0.953660096866087,,1,0
B_ramp_12_sigma0_stride1,B,12,1,40,0.31640625,1.05023892156098,0.0289465612758231,0.0289465612758231,0.0228979382813473,0,-0.921898507878551,,1,0
B_ramp_12_sigma0_stride1,B,12,1,41,0.32421875,1.07918548283681,0.0289465612758233,0.0289465612758233,0.0304485237630563,0,-0.890341363093548,,1,0
B_ramp_12_sigma0_stride1,B,12,1,42,0.33203125,1.10813204411263,0.0289465612758231,0.0289465612758231,0.0309946477631384,0,-0.859040697838506,,1,0
B_ramp_12_sigma0_stride1,B,12,1,43,0.33984375,1.13707860538845,0.0289465612758231,0.0289465612758231,0.0306416877174844,0,-0.828046050075367,,1,0
B_ramp_12_sigma0_stride1,B,12,1,44,0.34765625,1.16602516666428,0.0289465612758233,0.0289465612758233,0.030244463142244,0,-0.797404362357883,,1,0
B_ramp_12_sigma0_stride1,B,12,1,45,0.35546875,1.1949717279401,0.0289465612758231,0.0289465612758231,0.0298057193315027,0,-0.767159899215639,,1,0
B_ramp_12_sigma0_stride1,B,12,1,46,0.36328125,1.22391828921592,0.0289465612758233,0.0289465612758233,0.0293282536799974,0,-0.737354179884136,,1,0
B_ramp_12_sigma0_stride1,B,12,1,47,0.37109375,1.25286485049174,0.0289465612758231,0.0289465612758231,0.0288149007820041,0,-0.708025926204139,,1,0
B_ramp_12_sigma0_stride1,B,12,1,48,0.37890625,1.28181141176757,0.0289465612758231,0.0289465612758231,0.0282685178845233,0,-0.679211025422135,,1,0
B_ramp_12_sigma0_stride1,B,12,1,49,0.38671875,1.31075797304339,0.0289465612758231,0.0289465612758231,0.0276919707750901,0,-0.650942507537611,,1,0
B_ramp_12_sigma0_stride1,B,12,1,50,0.39453125,1.33970453431921,0.0289465612758233,0.0289465612758233,0.0270881201783278,0,-0.623250536762521,,1,0
B_ramp_12_sigma0_stride1,B,12,1,51,0.40234375,1.36865109559504,0.0289465612758233,0.0289465612758233,0.0264598087287421,0,-0.596162416584193,,1,0
B_ramp_12_sigma0_stride1,B,12,1,52,0.41015625,1.39759765687086,0.0289465612758228,0.0289465612758228,0.0258098485803615,0,-0.569702607855451,,1,0
B_ramp_12_sigma0_stride1,B,12,1,53,0.41796875,1.42654421814668,0.0289465612758233,0.0289465612758233,0.0251410097066889,0,-0.54389275927509,,1,0
B_ramp_12_sigma0_stride1,B,12,1,54,0.42578125,1.45549077942251,0.0289465612758231,0.0289465612758231,0.0244560089371534,0,-0.518751749568401,,1,0
B_ramp_12_sigma0_stride1,B,12,1,55,0.43359375,1.48443734069833,0.0289465612758233,0.0289465612758233,0.0237574997689078,0,-0.494295740631247,,1,0
B_ramp_12_sigma0_stride1,B,12,1,56,0.44140625,1.51338390197415,0.0289465612758231,0.0289465612758231,0.0230480629854204,0,-0.47053824086234,,1,0
B_ramp_12_sigma0_stride1,B,12,1,57,0.44921875,1.54233046324998,0.0289465612758233,0.0289465612758233,0.0223301981060399,0,-0.447490177876919,,1,0
B_ramp_12_sigma0_stride1,B,12,1,58,0.45703125,1.5712770245258,0.0289465612758231,0.0289465612758231,0.021606315683497,0,-0.425159979770879,,1,0
B_ramp_12_sigma0_stride1,B,12,1,59,0.46484375,1.60022358580162,0.0289465612758231,0.0289465612758231,0.0208787304593325,0,-0.403553664087382,,1,0
B_ramp_12_sigma0_stride1,B,12,1,60,0.47265625,1.62917014707745,0.0289465612758233,0.0289465612758233,0.0201496553804624,0,-0.38267493362805,,1,0
B_ramp_12_sigma0_stride1,B,12,1,61,0.48046875,1.65811670835327,0.0289465612758231,0.0289465612758231,0.0194211964736311,0,-0.362525278247587,,1,0
B_ramp_12_sigma0_stride1,B,12,1,62,0.48828125,1.68706326962909,0.0289465612758233,0.0289465612758233,0.018695348568369,0,-0.343104081773956,,1,0
B_ramp_12_sigma0_stride1,B,12,1,63,0.49609375,1.71600983090491,0.0289465612758228,0.0289465612758228,0.0179739918532973,0,-0.324408733205587,,1,0
B_ramp_12_sigma0_stride1,B,12,1,64,0.50390625,1.74495639218074,0.0289465612758233,0.0289465612758233,0.0172588892452953,0,-0.30643474135229,,1,0
B_ramp_12_sigma0_stride1,B,12,1,65,0.51171875,1.77390295345656,0.0289465612758231,0.0289465612758231,0.016551684546104,0,-0.289175852106995,,1,0
B_ramp_12_sigma0_stride1,B,12,1,66,0.51953125,1.80284951473238,0.0289465612758233,0.0289465612758233,0.015853901356521,0,-0.272624167560891,,1,0
B_ramp_12_sigma0_stride1,B,12,1,67,0.52734375,1.83179607600821,0.0289465612758231,0.0289465612758231,0.0151669427143344,0,-0.25677026620437,,1,0
B_ramp_12_sigma0_stride1,B,12,1,68,0.53515625,1.86074263728403,0.0289465612758233,0.0289465612758233,0.0144920914186875,0,-0.241603323490035,,1,0
B_ramp_12_sigma0_stride1,B,12,1,69,0.54296875,1.88968919855985,0.0289465612758231,0.0289465612758231,0.0138305110005562,0,-0.227111232071348,,1,0
B_ramp_12_sigma0_stride1,B,12,1,70,0.55078125,1.91863575983568,0.0289465612758231,0.0289465612758231,0.0131832472965417,0,-0.213280721070792,,1,0
B_ramp_12_sigma0_stride1,B,12,1,71,0.55859375,1.9475823211115,0.0289465612758231,0.0289465612758231,0.0125512305811666,0,-0.20009747377425,,1,0
B_ramp_12_sigma0_stride1,B,12,1,72,0.56640625,1.97652888238732,0.0289465612758231,0.0289465612758231,0.0119352782113546,0,-0.187546243193083,,1,0
B_ramp_12_sigma0_stride1,B,12,1,73,0.57421875,2.00547544366315,0.0289465612758231,0.0289465612758231,0.0113360977357123,0,-0.175610964981729,,1,0
B_ramp_12_sigma0_stride1,B,12,1,74,0.58203125,2.03442200493897,0.0289465612758235,0.0289465612758235,0.0107542904206398,0,-0.164274867246017,,1,0
B_ramp_12_sigma0_stride1,B,12,1,75,0.58984375,2.06336856621479,0.0289465612758231,0.0289465612758231,0.010190355145122,0,-0.153520576825377,,1,0
B_ramp_12_sigma0_stride1,B,12,1,76,0.59765625,2.09231512749062,0.0289465612758231,0.0289465612758231,0.00964469261629883,0,-0.143330221680255,,1,0
B_ramp_12_sigma0_stride1,B,12,1,77,0.60546875,2.12126168876644,0.0289465612758231,0.0289465612758231,0.00911760985851731,0,-0.133685529063956,,1,0
B_ramp_12_sigma0_stride1,B,12,1,78,0.61328125,2.15020825004226,0.0289465612758231,0.0289465612758231,0.00860932492955338,0,-0.124567919205439,,1,0
B_ramp_12_sigma0_stride1,B,12,1,79,0.62109375,2.17915481131809,0.0289465612758235,0.0289465612758235,0.00811997181896894,0,-0.115958594275885,,1,0
B_ramp_12_sigma0_stride1,B,12,1,80,0.62890625,2.20810137259391,0.0289465612758226,0.0289465612758226,0.00764960548515353,0,-0.107838622456916,,1,0
B_ramp_12_sigma0_stride1,B,12,1,81,0.63671875,2.23704793386973,0.0289465612758235,0.0289465612758235,0.00719820698943678,0,-0.100189016971763,,1,0
B_ramp_12_sigma0_stride1,B,12,1,82,0.64453125,2.26599449514555,0.0289465612758231,0.0289465612758231,0.00676568868770484,0,-0.092990809982326,,1,0
B_ramp_12_sigma0_stride1,B,12,1,83,0.65234375,2.29494105642138,0.0289465612758231,0.0289465612758231,0.00635189944221685,0,-0.0862251212946212,,1,0
B_ramp_12_sigma0_stride1,B,12,1,84,0.66015625,2.3238876176972,0.0289465612758231,0.0289465612758231,0.00595662981870065,0,-0.0798732218524043,,1,0
B_ramp_12_sigma0_stride1,B,12,1,85,0.66796875,2.35283417897302,0.0289465612758235,0.0289465612758235,0.00557961723634826,0,-0.0739165920337037,,1,0
B_ramp_12_sigma0_stride1,B,12,1,86,0.67578125,2.38178074024885,0.0289465612758231,0.0289465612758231,0.00522055104093974,0,-0.0683369747973554,,1,0
B_ramp_12_sigma0_stride1,B,12,1,87,0.68359375,2.41072730152467,0.0289465612758226,0.0289465612758226,0.00487907747401087,0,-0.0631164237564157,,1,0
B_ramp_12_sigma0_stride1,B,12,1,88,0.69140625,2.43967386280049,0.0289465612758235,0.0289465612758235,0.004554804513684,0,-0.0582373462824048,,1,0
B_ramp_12_sigma0_stride1,B,12,1,89,0.69921875,2.46862042407632,0.0289465612758231,0.0289465612758231,0.0044714594682661,0,-0.0536825417687208,,1,0
B_ramp_12_sigma0_stride1,B,12,1,90,0.70703125,2.49756698535214,0.0289465612758231,0.0289465612758231,0.00532702451946454,0,-0.0494352352032127,,1,0
B_ramp_12_sigma0_stride1,B,12,1,91,0.71484375,2.52651354662796,0.0289465612758231,0.0289465612758231,0.00616625421797823,0,-0.0454791062188635,,1,0
B_ramp_12_sigma0_stride1,B,12,1,92,0.72265625,2.55546010790379,0.0289465612758235,0.0289465612758235,0.00698666077409782,0,-0.0417983138078381,,1,0
B_ramp_12_sigma0_stride1,B,12,1,93,0.73046875,2.58440666917961,0.0289465612758231,0.0289465612758231,0.00317562589677431,0,-0.0383775168978604,,1,0
B_ramp_12_sigma0_stride1,B,12,1,94,0.73828125,2.61335323045543,0.0289465612758231,0.0289465612758231,0.00677531792516439,0,-0.0352018910010861,,1,0
B_ramp_12_sigma0_stride1,B,12,1,95,0.74609375,2.64229979173126,0.0289465612758231,0.0289465612758231,0.00594977306311972,0,-0.0322571411544311,,1,0
B_ramp_12_sigma0_stride1,B,12,1,96,0.75390625,2.67124635300708,0.0289465612758235,0.0289465612758235,0.0051060406538711,0,-0.0295295113768125,,1,0
B_ramp_12_sigma0_stride1,B,12,1,97,0.76171875,2.7001929142829,0.0289465612758226,0.0289465612758226,0.00424663104930489,0,-0.0270057908730851,,1,0
B_ramp_12_sigma0_stride1,B,12,1,98,0.76953125,2.72913947555872,0.0289465612758235,0.0289465612758235,0.00337413479105719,0,-0.0246733172167561,,1,0
B_ramp_12_sigma0_stride1,B,12,1,99,0.77734375,2.75808603683455,0.0289465612758231,0.0289465612758231,0.0024912096086761,0,-0.0225199767439587,,1,0
B_ramp_12_sigma0_stride1,B,12,1,100,0.78515625,2.78703259811037,0.0289465612758231,0.0289465612758231,0.00182923319423451,0,-0.0205342023898425,,1,0
B_ramp_12_sigma0_stride1,B,12,1,101,0.79296875,2.81597915938619,0.0289465612758231,0.0289465612758231,0.00168318148553457,0,-0.018704969195608,,1,0
B_ramp_12_sigma0_stride1,B,12,1,102,0.80078125,2.84492572066202,0.0289465612758231,0.0289465612758231,0.0015470922060414,0,-0.0170217877100734,,1,0
B_ramp_12_sigma0_stride1,B,12,1,103,0.80859375,2.87387228193784,0.0289465612758235,0.0289465612758235,0.00142044849511534,0,-0.015474695504032,,1,0
B_ramp_12_sigma0_stride1,B,12,1,104,0.81640625,2.90281884321366,0.0289465612758226,0.0289465612758226,0.0019838544565931,0,-0.0140542470089167,,1,0
B_ramp_12_sigma0_stride1,B,12,1,105,0.82421875,2.93176540448949,0.0289465612758235,0.0289465612758235,0.0028715177446007,0,-0.0127515018835765,,1,0
B_ramp_12_sigma0_stride1,B,12,1,106,0.83203125,2.96071196576531,0.0289465612758231,0.0289465612758231,0.00375029336407406,0,-0.0115580121044344,,1,0
B_ramp_12_sigma0_stride1,B,12,1,107,0.83984375,2.98759262320161,0.0248147535967784,0.0248147535967784,0.00390584739579247,0,-0.0104658079650863,,1,0
B_ramp_12_sigma0_stride1,B,12,1,108,0.84765625,3,0,0,0,0,-0.00960443193836397,,1,0
B_ramp_12_sigma0_stride1,B,12,1,109,0.85546875,3,0,0,0,0,-0.00960443193836397,,1,0
B_ramp_12_sigma0_stride1,B,12,1,110,0.86328125,3,0,0,0,0,-0.00960443193836397,,1,0
B_ramp_12_sigma0_stride1,B,12,1,111,0.87109375,3,0,0,0,0,-0.00960443193836397,,1,0
B_ramp_12_sigma0_stride1,B,12,1,112,0.87890625,3,0,0,0,0,-0.00960443193836397,,1,0
B_ramp_12_sigma0_stride1,B,12,1,113,0.88671875,3,0,0,0,0,-0.00960443193836397,,1,0
B_ramp_12_sigma0_stride1,B,12,1,114,0.89453125,3,0,0,0,0,-0.00960443193836397,,1,0
B_ramp_12_sigma0_stride1,B,12,1,115,0.90234375,3,0,0,0,0,-0.00960443193836397,,1,0
B_ramp_12_sigma0_stride1,B,12,1,116,0.91015625,3,0,0,0,0,-0.00960443193836397,,1,0
B_ramp_12_sigma0_stride1,B,12,1,117,0.91796875,3,0,0,0,0,-0.00960443193836397,,1,0
B_ramp_12_sigma0_stride1,B,12,1,118,0.92578125,3,0,0,0,0,-0.00960443193836397,,1,0
B_ramp_12_sigma0_stride1,B,12,1,119,0.93359375,3,0,0,0,0,-0.00960443193836397,,1,0
B_ramp_12_sigma0_stride1,B,12,1,120,0.94140625,3,0,0,0,0,-0.00960443193836397,,1,0
B_ramp_12_sigma0_stride1,B,12,1,121,0.94921875,3,0,0,0,0,-0.00960443193836397,,1,0
B_ramp_12_sigma0_stride1,B,12,1,122,0.95703125,3,0,0,0,0,-0.00960443193836397,,1,0
B_ramp_12_sigma0_stride1,B,12,1,123,0.96484375,3,0,0,0,0,-0.00960443193836397,,1,0
B_ramp_12_sigma0_stride1,B,12,1,124,0.97265625,3,0,0,0,0,-0.00960443193836397,,1,0
B_ramp_12_sigma0_stride1,B,12,1,125,0.98046875,3,0,0,0,0,-0.00960443193836397,,1,0
B_ramp_12_sigma0_stride1,B,12,1,126,0.98828125,3,0,0,0,0,-0.00960443193836397,,1,0
B_ramp_12_sigma0_stride1,B,12,1,127,0.99609375,3,0,0,0,0,-0.00960443193836397,,1,0
B_ramp_12_sigma0_stride4,B,12,4,0,0.015625,0.5,0,0,0,0,,,0,0
B_ramp_12_sigma0_stride4,B,12,4,1,0.046875,0.5,0,0,0,0,,,0,0
B_ramp_12_sigma0_stride4,B,12,4,2,0.078125,0.5,0,0,0,0,,,0,0
B_ramp_12_sigma0_stride4,B,12,4,3,0.109375,0.5,0,0,0,0,,,0,0
B_ramp_12_sigma0_stride4,B,12,4,4,0.140625,0.5,0,0,0,0,,,0,0
B_ramp_12_sigma0_stride4,B,12,4,5,0.171875,0.53631033025495,0.0726206605099006,0.0726206605099006,0,0,,,0,0
B_ramp_12_sigma0_stride4,B,12,4,6,0.203125,0.630513783061547,0.115786245103293,0.115786245103293,0,0,,,0,0
B_ramp_12_sigma0_stride4,B,12,4,7,0.234375,0.746300028164839,0.115786245103292,0.115786245103292,0,0,,,0,0
B_ramp_12_sigma0_stride4,B,12,4,8,0.265625,0.862086273268132,0.115786245103293,0.115786245103293,0,0,,,0,0
B_ramp_12_sigma0_stride4,B,12,4,9,0.296875,0.977872518371425,0.115786245103292,0.115786245103292,0.015023950876311,0,,,0,0
B_ramp_12_sigma0_stride4,B,12,4,10,0.328125,1.09365876347472,0.115786245103292,0.115786245103292,0.0445170724353509,0,-0.921898507878551,,1,0
B_ramp_12_sigma0_stride4,B,12,4,11,0.359375,1.20944500857801,0.115786245103293,0.115786245103293,0.101774265857579,0,-0.797404362357883,,1,0
B_ramp_12_sigma0_stride4,B,12,4,12,0.390625,1.3252312536813,0.115786245103293,0.115786245103293,0.109508417566683,0,-0.679211025422135,,1,0
B_ramp_12_sigma0_stride4,B,12,4,13,0.421875,1.44101749878459,0.115786245103292,0.115786245103292,0.0991643669931116,0,-0.569702607855451,,1,0
B_ramp_12_sigma0_stride4,B,12,4,14,0.453125,1.55680374388789,0.115786245103292,0.115786245103292,0.0878633072342898,0,-0.47053824086234,,1,0
B_ramp_12_sigma0_stride4,B,12,4,15,0.484375,1.67258998899118,0.115786245103292,0.115786245103292,0.0762401922757598,0,-0.38267493362805,,1,0
B_ramp_12_sigma0_stride4,B,12,4,16,0.515625,1.78837623409447,0.115786245103293,0.115786245103293,0.0648314178622547,0,-0.30643474135229,,1,0
B_ramp_12_sigma0_stride4,B,12,4,17,0.546875,1.90416247919777,0.115786245103292,0.115786245103292,0.0540570802969519,0,-0.241603323490035,,1,0
B_ramp_12_sigma0_stride4,B,12,4,18,0.578125,2.01994872430106,0.115786245103293,0.115786245103293,0.0442160215128287,0,-0.187546243193083,,1,0
B_ramp_12_sigma0_stride4,B,12,4,19,0.609375,2.13573496940435,0.115786245103293,0.115786245103293,0.0354915992233385,0,-0.143330221680255,,1,0
B_ramp_12_sigma0_stride4,B,12,4,20,0.640625,2.25152121450764,0.115786245103292,0.115786245103292,0.027965400604512,0,-0.107838622456916,,1,0
B_ramp_12_sigma0_stride4,B,12,4,21,0.671875,2.36730745961094,0.115786245103292,0.115786245103292,0.0216358755699995,0,-0.0798732218524043,,1,0
B_ramp_12_sigma0_stride4,B,12,4,22,0.703125,2.48309370471423,0.115786245103293,0.115786245103293,0.0195668685941712,0,-0.0582373462824048,,1,0
B_ramp_12_sigma0_stride4,B,12,4,23,0.734375,2.59887994981752,0.115786245103293,0.115786245103293,0.0122688024310256,0,-0.0417983138078381,,1,0
B_ramp_12_sigma0_stride4,B,12,4,24,0.765625,2.71466619492081,0.115786245103293,0.115786245103293,0.0152180161029093,0,-0.0295295113768125,,1,0
B_ramp_12_sigma0_stride4,B,12,4,25,0.796875,2.83045244002411,0.115786245103293,0.115786245103293,0.00647995538092582,0,-0.0205342023898425,,1,0
B_ramp_12_sigma0_stride4,B,12,4,26,0.828125,2.94417278128788,0.111654437424248,0.111654437424248,0.0125115129610603,0,-0.0140542470089167,,1,0
B_ramp_12_sigma0_stride4,B,12,4,27,0.859375,3,0,0,0,0,-0.00960443193836397,,1,0
B_ramp_12_sigma0_stride4,B,12,4,28,0.890625,3,0,0,0,0,-0.00960443193836397,,1,0
B_ramp_12_sigma0_stride4,B,12,4,29,0.921875,3,0,0,0,0,-0.00960443193836397,,1,0
B_ramp_12_sigma0_stride4,B,12,4,30,0.953125,3,0,0,0,0,-0.00960443193836397,,1,0
B_ramp_12_sigma0_stride4,B,12,4,31,0.984375,3,0,0,0,0,-0.00960443193836397,,1,0
