family,sigma,role,seed,n_frames,degree,L,R,eta,angle_valid_fraction,adjacent_mean,adjacent_p95,adjacent_max,n_above_e95,spearman_rho,spearman_p,runs_z,runs_p,cluster_p,max_run,h1_card_mean
A,0.0,calibration,1000,129,0,0.0,0.0,,0.0,0.0,0.0,0.0,,,,,,,,14.0
A,0.0,calibration,1001,129,0,0.0,0.0,,0.0,0.0,0.0,0.0,,,,,,,,14.0
A,0.0,calibration,1002,129,0,0.0,0.0,,0.0,0.0,0.0,0.0,,,,,,,,16.0
A,0.0,calibration,1003,129,0,0.0,0.0,,0.0,0.0,0.0,0.0,,,,,,,,16.0
A,0.0,calibration,1004,129,0,0.0,0.0,,0.0,0.0,0.0,0.0,,,,,,,,13.0
A,0.0,evaluation,1005,129,0,0.0,0.0,,0.0,0.0,0.0,0.0,0,nan,nan,nan,nan,1.0,0,14.0
A,0.0,evaluation,1006,129,0,0.0,0.0,,0.0,0.0,0.0,0.0,0,nan,nan,nan,nan,1.0,0,12.0
A,0.0,evaluation,1007,129,0,0.0,0.0,,0.0,0.0,0.0,0.0,0,nan,nan,nan,nan,1.0,0,12.0
A,0.0,evaluation,1008,129,0,0.0,0.0,,0.0,0.0,0.0,0.0,0,nan,nan,nan,nan,1.0,0,13.0
A,0.0,evaluation,1009,129,0,0.0,0.0,,0.0,0.0,0.0,0.0,0,nan,nan,nan,nan,1.0,0,16.0
A,0.0,evaluation,1010,129,0,0.0,0.0,,0.0,0.0,0.0,0.0,0,nan,nan,nan,nan,1.0,0,19.0
A,0.0,evaluation,1011,129,0,0.0,0.0,,0.0,0.0,0.0,0.0,0,nan,nan,nan,nan,1.0,0,17.0
A,0.0,evaluation,1012,129,0,0.0,0.0,,0.0,0.0,0.0,0.0,0,nan,nan,nan,nan,1.0,0,11.0
A,0.0,evaluation,1013,129,0,0.0,0.0,,0.0,0.0,0.0,0.0,0,nan,nan,nan,nan,1.0,0,13.0
A,0.0,evaluation,1014,129,0,0.0,0.0,,0.0,0.0,0.0,0.0,0,nan,nan,nan,nan,1.0,0,17.0
A,0.0,evaluation,1015,129,0,0.0,0.0,,0.0,0.0,0.0,0.0,0,nan,nan,nan,nan,1.0,0,14.0
A,0.0,evaluation,1016,129,0,0.0,0.0,,0.0,0.0,0.0,0.0,0,nan,nan,nan,nan,1.0,0,16.0
A,0.0,evaluation,1017,129,0,0.0,0.0,,0.0,0.0,0.0,0.0,0,nan,nan,nan,nan,1.0,0,15.0
A,0.0,evaluation,1018,129,0,0.0,0.0,,0.0,0.0,0.0,0.0,0,nan,nan,nan,nan,1.0,0,15.0
A,0.0,evaluation,1019,129,0,0.0,0.0,,0.0,0.0,0.0,0.0,0,nan,nan,nan,nan,1.0,0,14.0
A,0.05,calibration,1000,129,0,4.233257601165409,0.028621693149587513,0.006761150831385268,1.0,0.03307232500910476,0.04893163057321429,0.07006577349066925,,,,,,,,11.263565891472869
A,0.05,calibration,1001,129,0,4.837158575841183,0.04747180770548155,0.00981398624030559,1.0,0.037790301373759244,0.058513091355841665,0.07122500475875687,,,,,,,,12.44186046511628
A,0.05,calibration,1002,129,0,4.7265274352315245,0.028846097564622225,0.006103021289922805,1.0,0.036925995587746285,0.0552305989133232,0.0647493633927479,,,,,,,,12.263565891472869
A,0.05,calibration,1003,129,0,4.566123240972564,0.031951399260648494,0.006997489461945182,1.0,0.035672837820098155,0.05564149766394098,0.07074795960577174,,,,,,,,11.232558139534884
A,0.05,calibration,1004,129,0,4.827864366533312,0.0425977806922303,0.008823317611720312,1.0,0.0377176903635415,0.06263611955976534,0.08982228131390385,,,,,,,,10.968992248062015
A,0.05,evaluation,1005,129,0,4.42923385358883,0.026866761907353764,0.006065780854082633,1.0,0.03460338948116273,0.055503971982409604,0.06149688568826739,4,0.00040915301035419487,0.996342806863869,0.3895284040205915,0.6968853031647788,1.0,1,10.720930232558139
A,0.05,evaluation,1006,129,0,4.407514068801051,0.021832694984592657,0.0049535167996710835,1.0,0.03443370366250821,0.049181731164843825,0.05971010063085652,2,0.09274884621915315,0.2977427781896111,0.2071012197727014,0.8359308095085454,1.0,1,10.75968992248062
A,0.05,evaluation,1007,129,0,4.7339220430473095,0.03436765871050222,0.007259870018556358,1.0,0.036983765961307105,0.06389902667922762,0.0904885174794045,11,-0.017161512204543455,0.8475308498580151,-1.7875262777410772,0.07385246886894695,0.5982008995502249,2,11.255813953488373
A,0.05,evaluation,1008,129,0,4.677240527217428,0.031764491515869964,0.0067912888659517395,1.0,0.03654094161888616,0.05819112239150265,0.07217755343239823,8,-0.08716078665887803,0.3279252117559919,-2.3329931724840396,0.019648503658559593,0.3708145927036482,2,11.131782945736434
A,0.05,evaluation,1009,129,0,4.724702740629022,0.023073229556804575,0.004883530419467771,1.0,0.03691174016116423,0.057968326907399156,0.07340509408986207,7,0.13226476988083755,0.13667908237063242,-1.0932169723931129,0.2742985468261493,0.28385807096451776,2,12.2015503875969
A,0.05,evaluation,1010,129,0,4.859848823041017,0.02714267192012619,0.005585085649463032,1.0,0.037967568930007946,0.055907933738822635,0.08822323364258167,6,-0.05563328497918355,0.5328064672402159,-3.5455267759680016,0.00039182917696234273,0.22038980509745126,2,11.86046511627907
A,0.05,evaluation,1011,129,0,4.817659873934037,0.04996822200273843,0.010371886623439658,1.0,0.037637967765109664,0.05748811646705699,0.10758326823288006,8,0.08544108221937373,0.3375951476557195,-2.3329931724840396,0.019648503658559593,0.3708145927036482,2,11.767441860465116
A,0.05,evaluation,1012,129,0,4.693834041725873,0.04212214111195049,0.008973930636981495,1.0,0.036670578450983385,0.05419762589143192,0.08931671484818943,5,-0.07737250503570774,0.3853477706193466,-1.9940026349522408,0.046151766561589674,0.1489255372313843,2,10.953488372093023
A,0.05,evaluation,1013,129,0,4.4703466465917465,0.037675430407466265,0.008427854344626838,1.0,0.03492458317649802,0.05457236405944717,0.08304451425372034,5,0.12861655374473538,0.1479326857679974,-1.9940026349522408,0.046151766561589674,0.1489255372313843,2,11.077519379844961
A,0.05,evaluation,1014,129,0,4.521439107540386,0.04580364085185553,0.010130323501530513,1.0,0.03532374302765927,0.05044652185977586,0.059548158349998326,2,0.010792437282548984,0.9037637429017694,0.2071012197727014,0.8359308095085454,1.0,1,11.852713178294573
A,0.05,evaluation,1015,129,0,4.942969907216157,0.03545008716588714,0.007171819337628208,1.0,0.03861695240012623,0.06120362674684139,0.08590569758764943,10,0.006741000792581589,0.9398022414549347,-2.7889909149718717,0.005287254818605129,0.5402298850574713,2,11.457364341085272
A,0.05,evaluation,1016,129,0,4.963704411827909,0.03255874756644944,0.006559364713351157,1.0,0.038778940717405536,0.05893690461305937,0.09407954708672567,8,0.04204535863021411,0.637475782321512,-3.888321954140066,0.00010093967555974937,0.3708145927036482,2,11.44186046511628
A,0.05,evaluation,1017,129,0,4.407319523807118,0.025186084920783725,0.005714603805041926,1.0,0.03443218377974311,0.05010027423666776,0.08088454397845996,3,0.0013905420252700968,0.9875711653085303,0.2969945921752625,0.7664706377919448,1.0,1,11.372093023255815
A,0.05,evaluation,1018,129,0,4.507794954771473,0.034473818160756925,0.007647601212266011,1.0,0.03521714808415213,0.05369600457655189,0.06270625766954036,4,0.2372791155466032,0.007000953023145998,0.3895284040205915,0.6968853031647788,1.0,1,10.922480620155039
A,0.05,evaluation,1019,129,0,4.543722837368232,0.022304069820307026,0.004908765481220627,1.0,0.035497834666939315,0.06693276829508217,0.08811314485418381,13,0.0010414759201611424,0.9906909975304657,-1.6565322952872854,0.09761407048593183,0.7396301849075462,2,10.573643410852712
B,0.0,calibration,1000,129,0,0.0,0.0,,0.0,0.0,0.0,0.0,,,,,,,,0.0
B,0.0,calibration,1001,129,0,0.0,0.0,,0.0,0.0,0.0,0.0,,,,,,,,0.0
B,0.0,calibration,1002,129,0,0.0,0.0,,0.0,0.0,0.0,0.0,,,,,,,,0.0
B,0.0,calibration,1003,129,0,0.0,0.0,,0.0,0.0,0.0,0.0,,,,,,,,0.0
B,0.0,calibration,1004,129,0,0.0,0.0,,0.0,0.0,0.0,0.0,,,,,,,,0.0
B,0.0,evaluation,1005,129,0,0.0,0.0,,0.0,0.0,0.0,0.0,0,nan,nan,nan,nan,1.0,0,0.0
B,0.0,evaluation,1006,129,0,0.0,0.0,,0.0,0.0,0.0,0.0,0,nan,nan,nan,nan,1.0,0,0.0
B,0.0,evaluation,1007,129,0,0.0,0.0,,0.0,0.0,0.0,0.0,0,nan,nan,nan,nan,1.0,0,0.0
B,0.0,evaluation,1008,129,0,0.0,0.0,,0.0,0.0,0.0,0.0,0,nan,nan,nan,nan,1.0,0,0.0
B,0.0,evaluation,1009,129,0,0.0,0.0,,0.0,0.0,0.0,0.0,0,nan,nan,nan,nan,1.0,0,0.0
B,0.0,evaluation,1010,129,0,0.0,0.0,,0.0,0.0,0.0,0.0,0,nan,nan,nan,nan,1.0,0,0.0
B,0.0,evaluation,1011,129,0,0.0,0.0,,0.0,0.0,0.0,0.0,0,nan,nan,nan,nan,1.0,0,0.0
B,0.0,evaluation,1012,129,0,0.0,0.0,,0.0,0.0,0.0,0.0,0,nan,nan,nan,nan,1.0,0,0.0
B,0.0,evaluation,1013,129,0,0.0,0.0,,0.0,0.0,0.0,0.0,0,nan,nan,nan,nan,1.0,0,0.0
B,0.0,evaluation,1014,129,0,0.0,0.0,,0.0,0.0,0.0,0.0,0,nan,nan,nan,nan,1.0,0,0.0
B,0.0,evaluation,1015,129,0,0.0,0.0,,0.0,0.0,0.0,0.0,0,nan,nan,nan,nan,1.0,0,0.0
B,0.0,evaluation,1016,129,0,0.0,0.0,,0.0,0.0,0.0,0.0,0,nan,nan,nan,nan,1.0,0,0.0
B,0.0,evaluation,1017,129,0,0.0,0.0,,0.0,0.0,0.0,0.0,0,nan,nan,nan,nan,1.0,0,0.0
B,0.0,evaluation,1018,129,0,0.0,0.0,,0.0,0.0,0.0,0.0,0,nan,nan,nan,nan,1.0,0,0.0
B,0.0,evaluation,1019,129,0,0.0,0.0,,0.0,0.0,0.0,0.0,0,nan,nan,nan,nan,1.0,0,0.0
B,0.05,calibration,1000,129,0,4.266612823721828,0.07956109029601202,0.01864736585744608,1.0,0.03333291268532678,0.0535579452228914,0.07956109029601202,,,,,,,,169.31007751937983
B,0.05,calibration,1001,129,0,3.9319989354903773,0.033689466821264835,0.008568025417601816,1.0,0.030718741683518572,0.053026029350759195,0.07691599032970961,,,,,,,,172.34108527131784
B,0.05,calibration,1002,129,0,4.357141050641653,0.020020478250019125,0.004594865765722873,1.0,0.034040164458137914,0.06265917334805043,0.06859072789759854,,,,,,,,168.88372093023256
B,0.05,calibration,1003,129,0,4.152444473747732,0.04326406746381123,0.010418939431299328,1.0,0.032440972451154154,0.05591498752489058,0.08251715296452722,,,,,,,,171.2325581395349
B,0.05,calibration,1004,129,0,3.7214691048080972,0.023217852628925246,0.006238894365380606,1.0,0.02907397738131326,0.04280213100986849,0.07943320111533375,,,,,,,,170.28682170542635
B,0.05,evaluation,1005,129,0,4.280199157832474,0.022889090348244195,0.005347669466818784,1.0,0.0334390559205662,0.0607139132746291,0.09342212836172524,10,-0.13508896919395041,0.12842495136247897,-3.4174959098951105,0.0006320004370562783,0.5402298850574713,2,168.6124031007752
B,0.05,evaluation,1006,129,0,3.8137831128753508,0.0403846413454165,0.010589128996108286,1.0,0.029795180569338678,0.04504984704427862,0.07480688007849007,2,-0.10991878479053661,0.21677983546217913,0.2071012197727014,0.8359308095085454,1.0,1,171.93023255813952
B,0.05,evaluation,1007,129,0,4.022662963054552,0.023740513415107578,0.005901690903053075,1.0,0.03142705439886369,0.05139106406169422,0.08239723674264535,4,0.02453770067792008,0.7833696532860538,0.3895284040205915,0.6968853031647788,1.0,1,170.1627906976744
B,0.05,evaluation,1008,129,0,4.096507286738916,0.0314930614009643,0.00768778356697,1.0,0.03200396317764778,0.05417524894696701,0.09087009659348566,7,-0.05246894152336824,0.5563977725474679,-4.635793490527758,3.555708203525826e-06,0.28385807096451776,2,171.3798449612403
B,0.05,evaluation,1009,129,0,4.052582922801724,0.03510303158244479,0.008661891009049743,1.0,0.03166080408438847,0.0563015129204307,0.07070804707193032,8,-0.0636874881081957,0.4751042441304123,-3.888321954140066,0.00010093967555974937,0.3708145927036482,2,171.50387596899225
B,0.05,evaluation,1010,129,0,3.7429459792100785,0.04129918347905795,0.011033871102722631,1.0,0.02924176546257874,0.04789087809182491,0.07191396878635842,3,0.012346085232349362,0.8899914365783287,0.2969945921752625,0.7664706377919448,1.0,1,170.84496124031008
B,0.05,evaluation,1011,129,0,3.9536668803396875,0.03206298423185465,0.008109682783669395,1.0,0.03088802250265381,0.05091467913496224,0.09468206780331123,6,0.12918039447400728,0.14614912540208602,-5.6083787183493845,2.0423073895790047e-08,0.010494752623688156,3,168.03875968992247
B,0.05,evaluation,1012,129,0,3.8656273532503107,0.07689953917295655,0.01989315889652364,1.0,0.030200213697268052,0.05343471200689057,0.07928720338239284,6,-0.061507252431011405,0.4903815082815139,-0.4512488623959275,0.6518101966644788,1.0,1,170.32558139534885
B,0.05,evaluation,1013,129,0,3.7927812842546595,0.020719740110386686,0.005462940928442816,1.0,0.029631103783239528,0.04513436787755534,0.06503729399172634,2,-0.08229149231329706,0.355769466682866,-6.420137812953743,1.3615103171491147e-10,0.013993003498250875,2,168.69767441860466
B,0.05,evaluation,1014,129,0,3.9378661068918603,0.027359610510685056,0.006947826505020474,1.0,0.03076457896009266,0.05189972514461458,0.09340484180260017,3,0.07224565238657696,0.41770583913787973,-3.9269284965395816,8.603754517887674e-05,0.05247376311844078,2,168.30232558139534
B,0.05,evaluation,1015,129,0,4.162757176938768,0.022358151575734037,0.005370995862933303,1.0,0.03252154044483412,0.05361401687410375,0.06984677242349349,6,-0.003015719509522856,0.9730491186771787,-1.482674833586619,0.13816082413481598,0.22038980509745126,2,169.90697674418604
B,0.05,evaluation,1016,129,0,4.319475989828312,0.023053706207447955,0.005337153456052496,1.0,0.03374590617053369,0.05974769040814783,0.07986647604898725,9,0.004334732941864373,0.9612691193587658,-3.288024298283443,0.0010089313121727837,0.4387806096951524,2,171.9922480620155
B,0.05,evaluation,1017,129,0,4.585455405293316,0.03794942856516373,0.008276043535688084,1.0,0.03582387035385403,0.05970928540513161,0.12553605227891626,9,-0.08593893059879143,0.33477729862075134,-3.288024298283443,0.0010089313121727837,0.4387806096951524,2,168.08527131782947
B,0.05,evaluation,1018,129,0,4.1224132271508465,0.020984855647308703,0.005090429923205957,1.0,0.03220635333711599,0.06282532901011384,0.1049977371368715,11,-0.08880012818165171,0.31887419003308964,-3.512174746717393,0.0004444556575075934,0.0004997501249375312,5,170.7751937984496
B,0.05,evaluation,1019,129,0,4.025044064116781,0.029677738995207398,0.007373270583491019,1.0,0.03144565675091235,0.052014883052003254,0.09497688909363936,5,0.04477507314008948,0.6157698216412901,0.4839812220757866,0.6283991957891302,1.0,1,169.64341085271317
