family,sigma,stride,class,seed,split,n_frames,L,R,eta,speed_mean,speed_std,speed_max,speed_change_mean_signed,speed_change_mean_abs,speed_change_max_abs,mean_cosine,angle_valid_fraction,efficiency_valid_flag,efficiency_valid_flag_calibrated,angle_valid_fraction_calibrated,n_angles,n_angles_valid,e95
A,0.0,8,return,1000,train,17,1.3089298116198642,0.0,0.0,1.3089298116198642,1.7796238467639398,5.823391156628413,9.473903143468002e-16,12.961985638286345,72.04105321873547,0.3362668121005682,0.6,1.0,1.0,0.6,15,9,0.0
A,0.0,8,return,1001,train,17,1.5794884073970072,0.0,0.0,1.5794884073970072,2.164873734131775,7.374358915419358,0.0,22.456554644626983,70.35613439180607,0.19059351797446059,0.6666666666666666,1.0,1.0,0.6666666666666666,15,10,0.0
A,0.0,8,return,1002,train,17,1.6141779904269526,0.0,0.0,1.6141779904269526,2.3757589143775832,7.52915207100678,0.0,29.779203435519253,108.7405394655601,0.1617672972846811,0.6666666666666666,1.0,1.0,0.6666666666666666,15,10,0.0
A,0.0,8,return,1003,train,17,1.8990313462147066,0.0,0.0,1.8990313462147066,2.7057273954200896,8.161771821198583,0.0,19.02531447392659,69.83602551979587,0.21445753366701328,0.6,1.0,1.0,0.6,15,9,0.0
A,0.0,8,return,1004,train,17,1.7538220984711337,0.0,0.0,1.7538220984711337,2.389554716795381,8.043403041918445,0.0,20.25513474701212,67.47577283746234,0.22480949593927796,0.6666666666666666,1.0,1.0,0.6666666666666666,15,10,0.0
A,0.0,8,return,1005,test,17,1.7489015612415084,0.0,0.0,1.7489015612415084,2.533551455222878,7.837164831495512,0.0,18.01446169144954,67.38371389021844,0.370946908698173,0.6,1.0,1.0,0.6,15,9,0.0
A,0.0,8,return,1006,test,17,1.1871407239768406,0.0,0.0,1.1871407239768406,1.9641552709933663,6.230507288406479,0.0,28.218920874360684,98.92425558724396,-0.007257267787767818,0.6666666666666666,1.0,1.0,0.6666666666666666,15,10,0.0
A,0.0,8,return,1007,test,17,1.7625652899453632,0.0,0.0,1.7625652899453632,2.566240149156679,8.208095113039287,-3.552713678800501e-16,18.299753830531724,67.5114168841668,0.22205618332667088,0.6,1.0,1.0,0.6,15,9,0.0
A,0.0,8,return,1008,test,17,1.144857426215888,0.0,0.0,1.144857426215888,1.6061083431061491,5.224294449923652,2.3684757858670006e-16,22.016991681111268,82.17845792920257,-0.09039379696263355,0.6666666666666666,1.0,1.0,0.6666666666666666,15,10,0.0
A,0.0,8,return,1009,test,17,1.260307181209805,0.0,0.0,1.260307181209805,1.5024873629476705,5.309829083261349,7.105427357601002e-16,12.019908154788936,61.82195177361528,0.11045408278427038,0.6666666666666666,1.0,1.0,0.6666666666666666,15,10,0.0
A,0.0,8,return,1010,test,17,1.856848545218874,0.0,0.0,1.856848545218874,2.4326878665356575,7.6768112768704455,-2.3684757858670006e-16,16.839422942190083,61.3740680370599,0.3726108709933465,0.7333333333333333,1.0,1.0,0.7333333333333333,15,11,0.0
A,0.0,8,return,1011,test,17,1.139795944820959,0.0,0.0,1.139795944820959,1.4590678931600964,5.183172429124338,4.736951571734001e-16,14.850213955317264,67.02317676520991,0.19523656270812184,0.6666666666666666,1.0,1.0,0.6666666666666666,15,10,0.0
A,0.0,8,return,1012,test,17,1.6352249977966156,0.0,0.0,1.6352249977966156,2.307303657395733,7.199826704912647,2.3684757858670006e-16,15.9368733331761,76.3747010727501,0.4302240524287502,0.6,1.0,1.0,0.6,15,9,0.0
A,0.0,8,return,1013,test,17,1.4204124930541315,0.0,0.0,1.4204124930541315,1.9614888630118417,6.580524220504657,0.0,25.687323391287244,89.41301603406123,0.28759583232722935,0.6666666666666666,1.0,1.0,0.6666666666666666,15,10,0.0
A,0.0,8,return,1014,test,17,1.5480908721334414,0.0,0.0,1.5480908721334414,2.1780938271325065,7.408178432709759,0.0,22.684320210765804,68.4662158805127,0.19189864895849176,0.6666666666666666,1.0,1.0,0.6666666666666666,15,10,0.0
A,0.0,8,ramp,1000,train,17,1.0404896002911526,0.47022913864666177,0.4519306473751213,1.0404896002911526,1.3176543042667208,4.216787115213723,0.0,11.460184338337992,40.71252795936519,0.12010295886671425,0.6666666666666666,1.0,1.0,0.6666666666666666,15,10,0.0
A,0.0,8,ramp,1001,train,17,1.13369598307763,0.49008660229069445,0.43229102828807997,1.13369598307763,1.398064949234866,4.179837169902118,0.0,10.35625423223942,54.38581133212,0.007699147956008945,0.6666666666666666,1.0,1.0,0.6666666666666666,15,10,0.0
A,0.0,8,ramp,1002,train,17,1.0752855195592899,0.49326905924692094,0.45873309951117847,1.0752855195592899,1.4157114924494618,4.269865770874626,0.0,9.476393092104072,48.44936830418919,0.11896958505228739,0.6,1.0,1.0,0.6,15,9,0.0
A,0.0,8,ramp,1003,train,17,0.9464176605761381,0.4539464732765409,0.47964708625597496,0.9464176605761381,1.5074424750455897,4.914670004577214,0.0,12.008886782529148,70.44080183375814,0.14075387530682015,0.6,1.0,1.0,0.6,15,9,0.0
A,0.0,8,ramp,1004,train,17,1.1762153729867015,0.568923948365922,0.48369028447679907,1.1762153729867015,1.5863580432987006,4.234503298201778,0.0,9.714910877715136,66.8782368166255,0.08519147177019293,0.6,1.0,1.0,0.6,15,9,0.0
A,0.0,8,ramp,1005,test,17,0.9835792624516845,0.40330345359356884,0.4100365562692818,0.9835792624516845,1.243866102691626,4.436296062322988,0.0,10.808882806299193,42.411640504420035,0.2976224613138969,0.6,1.0,1.0,0.6,15,9,0.0
A,0.0,8,ramp,1006,test,17,1.2543344924998807,0.597835774007307,0.4766159087404382,1.2543344924998807,1.5111346239745083,3.7991159909385814,0.0,8.544702824740291,59.6938136368899,-0.12147487432519753,0.7333333333333333,1.0,1.0,0.7333333333333333,15,11,0.0
A,0.0,8,ramp,1007,test,17,1.0220618728637014,0.4269282173872763,0.41771269305944453,1.0220618728637014,1.2486978492351093,3.936072783742036,0.0,9.368692055674,62.389426085535376,0.09487920212880403,0.7333333333333333,1.0,1.0,0.7333333333333333,15,11,0.0
A,0.0,8,ramp,1008,test,17,1.030931387431106,0.4309354903383318,0.4180059852597416,1.030931387431106,1.2667766867249814,4.041008348661242,0.0,10.933466328109706,37.84274744034366,-0.15324939287662703,0.6666666666666666,1.0,1.0,0.6666666666666666,15,10,0.0
A,0.0,8,ramp,1009,test,17,0.9564803691415199,0.4267029075390723,0.4461177890373804,0.9564803691415199,1.1989936573365234,3.826323803508119,0.0,9.169131257861507,52.89880656638127,-0.06378912910064245,0.7333333333333333,1.0,1.0,0.7333333333333333,15,11,0.0
A,0.0,8,ramp,1010,test,17,1.1476236611382795,0.5474838923638369,0.4770587352833164,1.1476236611382795,1.529331989172275,4.441549012753219,0.0,10.347806220063456,43.58406631290066,-0.08568702606927697,0.6,1.0,1.0,0.6,15,9,0.0
A,0.0,8,ramp,1011,test,17,1.0156942426862576,0.44193655679821364,0.4351078683181287,1.0156942426862576,1.2911940459227238,4.126481023277149,0.0,9.727776087917933,37.8800763462762,-0.11714257007035508,0.6666666666666666,1.0,1.0,0.6666666666666666,15,10,0.0
A,0.0,8,ramp,1012,test,17,0.9853943686582776,0.40309481509183154,0.40906953389706224,0.9853943686582776,1.2065509347246768,4.33193741702565,0.0,11.81735079290127,39.73539835466744,0.30671119075925934,0.6,1.0,1.0,0.6,15,9,0.0
A,0.0,8,ramp,1013,test,17,1.1282449829432575,0.5442776799633784,0.4824109020573873,1.1282449829432575,1.5037064774522586,4.3455898259799195,0.0,9.98328496891545,40.99029981306316,-0.11083645826804389,0.6,1.0,1.0,0.6,15,9,0.0
A,0.0,8,ramp,1014,test,17,1.112660303546988,0.5473498144244301,0.49192894963500006,1.112660303546988,1.51888456474481,4.138225903162674,0.0,9.165738076843155,61.91367317115393,-0.03691213421916236,0.6,1.0,1.0,0.6,15,9,0.0
A,0.0,8,jump,1000,train,17,0.4167746686155396,0.4167746686155396,1.0,0.4167746686155396,1.6141613506690995,6.668394697848633,0.0,14.22590868874375,106.69431516557813,nan,0.0,1.0,1.0,0.0,15,0,0.0
A,0.0,8,jump,1001,train,17,0.5965575592924,0.5965575592924,1.0,0.5965575592924,2.3104574921936085,9.5449209486784,0.0,20.36249802384725,152.7187351788544,nan,0.0,1.0,1.0,0.0,15,0,0.0
A,0.0,8,jump,1002,train,17,0.5884296030924229,0.5884296030924229,1.0,0.5884296030924229,2.278978053192394,9.414873649478766,0.0,20.085063785554702,150.63797839166025,nan,0.0,1.0,1.0,0.0,15,0,0.0
A,0.0,8,jump,1003,train,17,0.46143313817308484,0.46143313817308484,1.0,0.46143313817308484,1.7871228595325834,7.3829302107693575,0.0,15.750251116307963,118.12688337230972,nan,0.0,1.0,1.0,0.0,15,0,0.0
A,0.0,8,jump,1004,train,17,0.48837197381719066,0.48837197381719066,1.0,0.48837197381719066,1.8914565213484242,7.813951581075051,0.0,16.66976337296011,125.02322529720081,nan,0.0,1.0,1.0,0.0,15,0,0.0
A,0.0,8,jump,1005,test,17,0.5629412929755425,0.5629412929755425,1.0,0.5629412929755425,2.1802622525867466,9.00706068760868,0.0,19.215062800231852,144.11297100173888,nan,0.0,1.0,1.0,0.0,15,0,0.0
A,0.0,8,jump,1006,test,17,0.485473121735846,0.485473121735846,1.0,0.485473121735846,1.8802293155142573,7.767569947773536,0.0,16.570815888583542,124.28111916437658,nan,0.0,1.0,1.0,0.0,15,0,0.0
A,0.0,8,jump,1007,test,17,0.5871732789669928,0.5871732789669928,1.0,0.5871732789669928,2.274112330777165,9.394772463471885,0.0,20.042181255406685,150.31635941555015,nan,0.0,1.0,1.0,0.0,15,0,0.0
A,0.0,8,jump,1008,test,17,0.5499039095740139,0.5499039095740139,1.0,0.5499039095740139,2.1297686837945053,8.798462553184223,0.0,18.770053446793007,140.77540085094756,nan,0.0,1.0,1.0,0.0,15,0,0.0
A,0.0,8,jump,1009,test,17,0.5306833731783813,0.5306833731783813,1.0,0.5306833731783813,2.055327866429047,8.490933970854101,0.0,18.113992471155417,135.85494353366562,nan,0.0,1.0,1.0,0.0,15,0,0.0
A,0.0,8,jump,1010,test,17,0.5925162770298343,0.5925162770298343,1.0,0.5925162770298343,2.294805673293369,9.48026043247735,0.0,20.22455558928501,151.6841669196376,nan,0.0,1.0,1.0,0.0,15,0,0.0
A,0.0,8,jump,1011,test,17,0.5926524255855481,0.5926524255855481,1.0,0.5926524255855481,2.295332974382258,9.48243880936877,0.0,20.22920279332004,151.7190209499003,nan,0.0,1.0,1.0,0.0,15,0,0.0
A,0.0,8,jump,1012,test,17,0.4822346272466063,0.4822346272466063,1.0,0.4822346272466063,1.8676866802906475,7.715754035945701,0.0,16.46027527668416,123.45206457513122,nan,0.0,1.0,1.0,0.0,15,0,0.0
A,0.0,8,jump,1013,test,17,0.5913557457157667,0.5913557457157667,1.0,0.5913557457157667,2.290310954841232,9.461691931452267,0.0,20.18494278709817,151.38707090323626,nan,0.0,1.0,1.0,0.0,15,0,0.0
A,0.0,8,jump,1014,test,17,0.4377640067880403,0.4377640067880403,1.0,0.4377640067880403,1.6954527078591106,7.0042241086086445,0.0,14.942344765031775,112.06758573773831,nan,0.0,1.0,1.0,0.0,15,0,0.0
A,0.0,16,return,1000,train,9,0.9488829519951363,0.0,0.0,0.9488829519951363,1.1485994816693768,2.9116955783142067,-2.5376526277146434e-16,6.810344278998331,20.561292904158066,0.351618918804344,0.7142857142857143,1.0,1.0,0.7142857142857143,7,5,0.0
A,0.0,16,return,1001,train,9,1.1446879611878782,0.0,0.0,1.1446879611878782,1.485095074524261,3.687179457709679,2.5376526277146434e-16,8.427838760479265,26.262555863852327,0.4304051119303664,0.7142857142857143,1.0,1.0,0.7142857142857143,7,5,0.0
A,0.0,16,return,1002,train,9,1.2487134981071186,0.0,0.0,1.2487134981071186,1.519593703449526,3.76457603550339,1.2688263138573217e-16,8.604745224007747,27.57147789990225,0.35392993795763494,0.7142857142857143,1.0,1.0,0.7142857142857143,7,5,0.0
A,0.0,16,return,1003,train,9,1.3978467817785845,0.0,0.0,1.3978467817785845,1.8436370114623661,4.565699402336623,0.0,10.435884348197996,31.88754576889272,0.3460264630756454,0.7142857142857143,1.0,1.0,0.7142857142857143,7,5,0.0
A,0.0,16,return,1004,train,9,1.2503410640540844,0.0,0.0,1.2503410640540844,1.6160943069536322,4.021701520959223,-2.5376526277146434e-16,9.316275835901655,29.393126122962897,0.4399174904996044,0.7142857142857143,1.0,1.0,0.7142857142857143,7,5,0.0
A,0.0,16,return,1005,test,9,1.187958051369907,0.0,0.0,1.187958051369907,1.5861574375948764,3.918582415747756,-1.2688263138573217e-16,9.374958434910328,28.664429445681172,0.569127485764613,0.7142857142857143,1.0,1.0,0.7142857142857143,7,5,0.0
A,0.0,16,return,1006,test,9,1.028806400654399,0.0,0.0,1.028806400654399,1.2293487974635968,3.1152536442032397,5.075305255429287e-16,7.120579758178834,21.570920038364505,0.3109875171557332,0.7142857142857143,1.0,1.0,0.7142857142857143,7,5,0.0
A,0.0,16,return,1007,test,9,1.228982244652479,0.0,0.0,1.228982244652479,1.668468024866462,4.104047556519643,-2.5376526277146434e-16,9.505951353235039,30.000754235480763,0.2213408005096979,0.7142857142857143,1.0,1.0,0.7142857142857143,7,5,0.0
A,0.0,16,return,1008,test,9,0.9538283745278383,0.0,0.0,0.9538283745278383,0.9835170917599909,2.590112017624703,0.0,6.375888176465433,16.041548968687522,0.3562720961227889,0.7142857142857143,1.0,1.0,0.7142857142857143,7,5,0.0
A,0.0,16,return,1009,test,9,0.9134824891297193,0.0,0.0,0.9134824891297193,1.0307335480360196,2.6549145416306743,0.0,6.576557540948406,17.743180110218535,0.2410210612837643,0.7142857142857143,1.0,1.0,0.7142857142857143,7,5,0.0
A,0.0,16,return,1010,test,9,1.2161236044846213,0.0,0.0,1.2161236044846213,1.6227106440023389,4.008537479368826,0.0,9.181085016431213,29.164932876454163,0.03236528462384125,0.7142857142857143,1.0,1.0,0.7142857142857143,7,5,0.0
A,0.0,16,return,1011,test,9,0.7035476967458854,0.0,0.0,0.7035476967458854,0.7326374458832515,1.9057347962129618,0.0,4.679996224825755,11.324072503092687,0.1844891036820771,0.7142857142857143,1.0,1.0,0.7142857142857143,7,5,0.0
A,0.0,16,return,1012,test,9,1.0957556880348416,0.0,0.0,1.0957556880348416,1.4582727837104645,3.5999133524563236,-1.2688263138573217e-16,9.103996646638672,27.62656422633667,0.48589292127001354,0.7142857142857143,1.0,1.0,0.7142857142857143,7,5,0.0
A,0.0,16,return,1013,test,9,1.0648666744096162,0.0,0.0,1.0648666744096162,1.3083802026115292,3.2902621102523284,1.2688263138573217e-16,7.837375518809119,24.531197161272388,0.40278384422284025,0.7142857142857143,1.0,1.0,0.7142857142857143,7,5,0.0
A,0.0,16,return,1014,test,9,1.1441989951939417,0.0,0.0,1.1441989951939417,1.495143844569601,3.7040892163548795,0.0,8.578276435725472,27.649072356068505,0.4422054253719943,0.7142857142857143,1.0,1.0,0.7142857142857143,7,5,0.0
A,0.0,16,ramp,1000,train,9,0.8220659809010236,0.47022913864666177,0.5720089987561195,0.8220659809010236,1.0608602382209906,2.944520616483561,0.0,7.079648620486195,23.556164931868487,0.1474210966404768,0.7142857142857143,1.0,1.0,0.7142857142857143,7,5,0.0
A,0.0,16,ramp,1001,train,9,0.8679244512696427,0.49008660229069445,0.5646650484080401,0.8679244512696427,1.1820228828463546,3.725511827914401,5.075305255429287e-16,8.543105660513882,26.681198776736736,0.13938050911986913,0.7142857142857143,1.0,1.0,0.7142857142857143,7,5,0.0
A,0.0,16,ramp,1002,train,9,0.8240887829744963,0.49326905924692094,0.5985630061199201,0.8240887829744963,1.0045995601160311,3.1891310942224114,0.0,7.566038723983989,19.182808390644887,0.05756438812092442,0.7142857142857143,1.0,1.0,0.7142857142857143,7,5,0.0
A,0.0,16,ramp,1003,train,9,0.6816355585606115,0.4539464732765409,0.6659665382409413,0.6816355585606115,1.1018483522185905,3.503541813720495,0.0,8.714307563914721,25.979854949894637,-0.07144313273756978,0.7142857142857143,1.0,1.0,0.7142857142857143,7,5,0.0
A,0.0,16,ramp,1004,train,9,0.9814351616224073,0.568923948365922,0.5796857200687976,0.9814351616224073,1.1725285211615863,3.5064191366676023,0.0,8.014672312383091,17.47259692742826,0.07970809014706398,0.7142857142857143,1.0,1.0,0.7142857142857143,7,5,0.0
A,0.0,16,ramp,1005,test,9,0.6868052996453404,0.40330345359356884,0.5872165718608037,0.6868052996453404,0.8449748675146315,2.7800354960493667,0.0,7.139720683355983,16.748535962723132,-0.045875407281930354,0.7142857142857143,1.0,1.0,0.7142857142857143,7,5,0.0
A,0.0,16,ramp,1006,test,9,1.1062510312366411,0.597835774007307,0.5404160151055465,1.1062510312366411,1.2529173005062053,3.7988288329643156,0.0,8.683037332489864,15.469474518286177,0.1378556904905493,0.7142857142857143,1.0,1.0,0.7142857142857143,7,5,0.0
A,0.0,16,ramp,1007,test,9,0.7547434711277689,0.4269282173872763,0.5656600337984277,0.7547434711277689,0.862650632841505,2.422224129813683,0.0,5.977339872824124,15.891225748552444,0.045151960535660354,0.7142857142857143,1.0,1.0,0.7142857142857143,7,5,0.0
A,0.0,16,ramp,1008,test,9,0.8749212557222875,0.4309354903383318,0.49254202880529496,0.8749212557222875,0.9540020221659916,2.8584224911505025,0.0,6.853994165400311,22.86737992920402,0.3715715928985869,0.7142857142857143,1.0,1.0,0.7142857142857143,7,5,0.0
A,0.0,16,ramp,1009,test,9,0.7317555441092779,0.4267029075390723,0.583122206553928,0.7317555441092779,0.8909100235710641,2.3270052111582262,0.0,5.733353616685727,17.385888786469636,0.02764594780519996,0.7142857142857143,1.0,1.0,0.7142857142857143,7,5,0.0
A,0.0,16,ramp,1010,test,9,0.9591063992066808,0.5474838923638369,0.5708270665451559,0.9591063992066808,1.2460260551065552,3.950484921861463,0.0,9.02967982139763,24.733699902103993,0.2131463058158051,0.7142857142857143,1.0,1.0,0.7142857142857143,7,5,0.0
A,0.0,16,ramp,1011,test,9,0.8523316622786115,0.44193655679821364,0.5185030386138029,0.8523316622786115,1.0290551334983955,3.035198524017032,0.0,7.306759581221366,24.281588192136255,0.12909960780679025,0.7142857142857143,1.0,1.0,0.7142857142857143,7,5,0.0
A,0.0,16,ramp,1012,test,9,0.7475408709746838,0.40309481509183154,0.5392277944164511,0.7475408709746838,0.8051380189637248,2.6038929214429736,0.0,7.293875982271693,15.990111822625206,0.20618121189060598,0.7142857142857143,1.0,1.0,0.7142857142857143,7,5,0.0
A,0.0,16,ramp,1013,test,9,0.9445046860549615,0.5442776799633784,0.5762572573744821,0.9445046860549615,1.1746011053058374,3.7137480051279153,5.075305255429287e-16,8.488566868863806,19.462409087757532,0.11955191338421048,0.7142857142857143,1.0,1.0,0.7142857142857143,7,5,0.0
A,0.0,16,ramp,1014,test,9,0.9285719742660219,0.5473498144244301,0.589453299898563,0.9285719742660219,1.1278367353953498,3.4113973720961606,5.075305255429287e-16,7.797479707648367,17.727817546168957,0.1379049060387112,0.7142857142857143,1.0,1.0,0.7142857142857143,7,5,0.0
A,0.0,16,jump,1000,train,9,0.4167746686155396,0.4167746686155396,1.0,0.4167746686155396,1.1026821259080741,3.3341973489243166,0.0,7.621022511827009,26.673578791394533,nan,0.0,1.0,1.0,0.0,7,0,0.0
A,0.0,16,jump,1001,train,9,0.5965575592924,0.5965575592924,1.0,0.5965575592924,1.5783429446233597,4.7724604743392,0.0,10.908481084203885,38.1796837947136,nan,0.0,1.0,1.0,0.0,7,0,0.0
A,0.0,16,jump,1002,train,9,0.5884296030924229,0.5884296030924229,1.0,0.5884296030924229,1.5568383938509947,4.707436824739383,0.0,10.759855599404304,37.659494597915064,nan,0.0,1.0,1.0,0.0,7,0,0.0
A,0.0,16,jump,1003,train,9,0.46143313817308484,0.46143313817308484,1.0,0.46143313817308484,1.2208373302900877,3.6914651053846788,0.0,8.437634526593552,29.53172084307743,nan,0.0,1.0,1.0,0.0,7,0,0.0
A,0.0,16,jump,1004,train,9,0.48837197381719066,0.48837197381719066,1.0,0.48837197381719066,1.292110790014034,3.9069757905375253,0.0,8.930230378371487,31.255806324300202,nan,0.0,1.0,1.0,0.0,7,0,0.0
A,0.0,16,jump,1005,test,9,0.5629412929755425,0.5629412929755425,1.0,0.5629412929755425,1.4894026639424374,4.50353034380434,0.0,10.29378364298135,36.02824275043472,nan,0.0,1.0,1.0,0.0,7,0,0.0
A,0.0,16,jump,1006,test,9,0.485473121735846,0.485473121735846,1.0,0.485473121735846,1.2844411483192342,3.883784973886768,0.0,8.87722279745547,31.070279791094144,nan,0.0,1.0,1.0,0.0,7,0,0.0
A,0.0,16,jump,1007,test,9,0.5871732789669928,0.5871732789669928,1.0,0.5871732789669928,1.5535144726490158,4.697386231735942,0.0,10.73688281539644,37.57908985388754,nan,0.0,1.0,1.0,0.0,7,0,0.0
A,0.0,16,jump,1008,test,9,0.5499039095740139,0.5499039095740139,1.0,0.5499039095740139,1.4549089897149914,4.399231276592111,0.0,10.055385775067682,35.19385021273689,nan,0.0,1.0,1.0,0.0,7,0,0.0
A,0.0,16,jump,1009,test,9,0.5306833731783813,0.5306833731783813,1.0,0.5306833731783813,1.4040562303468818,4.245466985427051,0.0,9.703924538118972,33.963735883416405,nan,0.0,1.0,1.0,0.0,7,0,0.0
A,0.0,16,jump,1010,test,9,0.5925162770298343,0.5925162770298343,1.0,0.5925162770298343,1.5676507167787943,4.740130216238675,0.0,10.834583351402685,37.9210417299094,nan,0.0,1.0,1.0,0.0,7,0,0.0
A,0.0,16,jump,1011,test,9,0.5926524255855481,0.5926524255855481,1.0,0.5926524255855481,1.5680109319985736,4.741219404684385,0.0,10.83707292499288,37.92975523747508,nan,0.0,1.0,1.0,0.0,7,0,0.0
A,0.0,16,jump,1012,test,9,0.4822346272466063,0.4822346272466063,1.0,0.4822346272466063,1.2758728972784528,3.8578770179728505,0.0,8.818004612509373,30.863016143782804,nan,0.0,1.0,1.0,0.0,7,0,0.0
A,0.0,16,jump,1013,test,9,0.5913557457157667,0.5913557457157667,1.0,0.5913557457157667,1.5645802395330684,4.730845965726133,0.0,10.813362207374018,37.846767725809066,nan,0.0,1.0,1.0,0.0,7,0,0.0
A,0.0,16,jump,1014,test,9,0.4377640067880403,0.4377640067880403,1.0,0.4377640067880403,1.1582146948963459,3.5021120543043223,0.0,8.004827552695593,28.016896434434578,nan,0.0,1.0,1.0,0.0,7,0,0.0
A,0.05,8,return,1000,train,17,1.061724657875469,0.027342356419054747,0.025752775181625068,1.061724657875469,1.2062119887499199,4.454021192035233,-0.13636696940300144,10.425779690011408,62.295934528708656,0.30224044293185176,1.0,1.0,0.0,0.06666666666666667,15,15,0.057375390242124326
A,0.05,8,return,1001,train,17,1.3993020283439466,0.02493210548975793,0.017817529728921148,1.3993020283439466,1.8078430535419487,6.681807085768136,-0.06306952836885671,19.867035937958537,93.7058233195401,0.4077353852458564,1.0,1.0,0.0,0.13333333333333333,15,15,0.057375390242124326
A,0.05,8,return,1002,train,17,1.4710135234828439,0.024464291525328974,0.016630908645493696,1.4710135234828439,1.980742227516911,7.139458763804839,-0.2882210255777712,22.918821072581103,98.57358585514852,0.3373190727398731,1.0,1.0,0.0,0.13333333333333333,15,15,0.057375390242124326
A,0.05,8,return,1003,train,17,2.1061954390724096,0.03857180075626193,0.018313495528814436,2.1061954390724096,2.815885546995544,9.349505294238229,0.6995989714752435,20.261815766520396,80.50596431815038,0.39943223533416355,1.0,1.0,1.0,0.2,15,15,0.057375390242124326
A,0.05,8,return,1004,train,17,1.8229224622958973,0.07951706211000137,0.04362064967363057,1.8229224622958973,2.228666336650806,7.928319626397097,-0.4270657231028004,18.260568169402077,87.23681608156227,0.409809889792291,1.0,1.0,1.0,0.2,15,15,0.057375390242124326
A,0.05,8,return,1005,test,17,1.675182457180347,0.04314619298577685,0.02575611558062765,1.675182457180347,2.2636433617696627,7.660720235438646,0.06905250245082566,16.53186812901354,103.89798044752165,0.3705463955100682,1.0,1.0,0.0,0.13333333333333333,15,15,0.057375390242124326
A,0.05,8,return,1006,test,17,1.2819725283985128,0.03675943687018345,0.02867412214839322,1.2819725283985128,1.770790031836113,6.1619056324730925,0.18177512244265395,23.362822761154337,82.80199022367535,0.26722879462494137,1.0,1.0,0.0,0.0,15,15,0.057375390242124326
A,0.05,8,return,1007,test,17,1.7012044702381424,0.027051649649425934,0.01590146870801434,1.7012044702381424,2.3881849919495433,7.93848224890332,-0.07795951656045474,17.367664491241577,115.3149039820922,0.3647096843834193,1.0,1.0,0.0,0.13333333333333333,15,15,0.057375390242124326
A,0.05,8,return,1008,test,17,0.9018234970323138,0.046642321039575316,0.051720010837003116,0.9018234970323138,0.9216769154406966,3.4906906732354672,-0.07489930684773848,12.514554421372623,43.924524046818085,0.20132863911609392,1.0,1.0,0.0,0.0,15,15,0.057375390242124326
A,0.05,8,return,1009,test,17,1.198398830800657,0.030501983625156923,0.025452280861103956,1.198398830800657,1.5801654747101774,5.372049308197563,-0.00952269834020214,11.587664080704787,72.45847567873153,0.3536997505658012,1.0,1.0,0.0,0.06666666666666667,15,15,0.057375390242124326
A,0.05,8,return,1010,test,17,1.7484861888729282,0.025931337588099956,0.01483073629813185,1.7484861888729282,2.1570926817091363,7.725617185410211,-0.13793684940654066,16.0009710312364,97.27323750797001,0.3428179076071956,1.0,1.0,1.0,0.13333333333333333,15,15,0.057375390242124326
A,0.05,8,return,1011,test,17,0.8383967523448373,0.035734342860356205,0.042622234354336416,0.8383967523448373,0.7981563167607669,2.9941330316914874,-0.03433601222944655,6.6850881593441915,39.41241156987671,0.31344330321585623,1.0,1.0,0.0,0.06666666666666667,15,15,0.057375390242124326
A,0.05,8,return,1012,test,17,1.3692582216076419,0.03964228174025413,0.028951647771528623,1.3692582216076419,1.9966972648107053,6.640712707481695,-0.3234526872526988,13.95308120912491,95.02122027210427,0.33882204970049734,1.0,1.0,0.0,0.06666666666666667,15,15,0.057375390242124326
A,0.05,8,return,1013,test,17,1.4115987628685598,0.026971760614107547,0.019107243023716795,1.4115987628685598,1.905972125521012,6.833055044465592,0.12128284358355082,23.564289414852137,102.07157532074515,0.2783437184526895,1.0,1.0,0.0,0.13333333333333333,15,15,0.057375390242124326
A,0.05,8,return,1014,test,17,1.43216826710914,0.026769187861835936,0.018691370613782746,1.43216826710914,1.8746509314173614,6.712471941029065,0.023844124207972328,22.265389403525134,80.40061850952927,0.3172863409696838,1.0,1.0,0.0,0.13333333333333333,15,15,0.057375390242124326
A,0.05,8,ramp,1000,train,17,1.0035416401191277,0.425557569984128,0.4240557172431941,1.0035416401191277,1.0624551669689741,4.380017700454399,0.004293622605956197,9.760647098132534,34.592735393278886,0.08440840417231175,1.0,1.0,0.0,0.13333333333333333,15,15,0.057375390242124326
A,0.05,8,ramp,1001,train,17,1.1466647168373356,0.48932485545249815,0.4267375181841521,1.1466647168373356,0.904570151585169,3.3123942269686637,-0.007261933942519742,8.114110521322822,39.61751541557943,0.07741301605847539,1.0,1.0,0.0,0.13333333333333333,15,15,0.057375390242124326
A,0.05,8,ramp,1002,train,17,1.452507227544885,0.47471274101032673,0.32682298029780876,1.452507227544885,1.554394280528129,6.252714904847129,0.26182276897170026,13.71459733959221,75.35364602102283,0.412615827037082,1.0,1.0,0.0,0.13333333333333333,15,15,0.057375390242124326
A,0.05,8,ramp,1003,train,17,1.3578368683406674,0.3968030150581492,0.29223172850142065,1.3578368683406674,1.1030559334468224,4.204962983932605,1.4124702520727197,10.416516338614967,51.473575402261815,0.49146022022303965,1.0,1.0,0.0,0.06666666666666667,15,15,0.057375390242124326
A,0.05,8,ramp,1004,train,17,1.2880560488853339,0.5540215905975836,0.4301222691955263,1.2880560488853339,1.5149057151674836,6.07917766338673,0.49760067949145514,13.651140642101142,48.637800894792605,0.2781671102395542,1.0,1.0,0.0,0.13333333333333333,15,15,0.057375390242124326
A,0.05,8,ramp,1005,test,17,1.1763468305266522,0.38245283737064745,0.3251191123619747,1.1763468305266522,1.1401281525377576,4.959234508529038,0.4190513706650864,12.574527216174022,64.5449128376751,0.36493045794967743,1.0,1.0,0.0,0.06666666666666667,15,15,0.057375390242124326
A,0.05,8,ramp,1006,test,17,1.2727971579399595,0.5648162928282757,0.44375986330959366,1.2727971579399595,1.2200170410790079,4.589865027548516,0.4749824913310846,11.79585656312956,60.71055520666488,-0.00476857712146929,1.0,1.0,0.0,0.2,15,15,0.057375390242124326
A,0.05,8,ramp,1007,test,17,1.002805028342492,0.39705648059715204,0.395945841290241,1.002805028342492,0.9826360652384442,4.1708874241339124,0.026746698235098166,9.295793069513559,57.57656731250387,0.35420867693214686,1.0,1.0,0.0,0.06666666666666667,15,15,0.057375390242124326
A,0.05,8,ramp,1008,test,17,1.018816197592965,0.40160774807961924,0.39419058023267567,1.018816197592965,1.223510647493908,5.69508518567927,-0.1398440595165641,13.09660459475057,79.90653468978545,0.29567187991346483,1.0,1.0,0.0,0.0,15,15,0.057375390242124326
A,0.05,8,ramp,1009,test,17,0.9868528630801799,0.3959497068027099,0.4012246623745568,0.9868528630801799,1.3447331125727247,6.1181833756364625,0.3712774160942082,13.748004653659176,87.33000685136096,0.24877147871322353,1.0,1.0,0.0,0.0,15,15,0.057375390242124326
A,0.05,8,ramp,1010,test,17,1.1840617735956394,0.5153614741812208,0.43524880683904105,1.1840617735956394,1.3196499478040031,4.773858110868293,0.06933777922551,11.417132220303959,60.14850561155216,0.23555202424412514,1.0,1.0,0.0,0.13333333333333333,15,15,0.057375390242124326
A,0.05,8,ramp,1011,test,17,1.0436763845855326,0.3992618371968124,0.3825532924704129,1.0436763845855326,1.0898225431017965,4.941704186901594,0.3806950373904215,10.991406154574637,55.617544377726105,0.1954591694905959,1.0,1.0,0.0,0.06666666666666667,15,15,0.057375390242124326
A,0.05,8,ramp,1012,test,17,1.0587552065513965,0.39876502523174945,0.3766357159466697,1.0587552065513965,1.0822006265359467,4.58280616849753,-0.13169992084938542,9.848269262265891,51.647971485342225,0.14768734876272038,1.0,1.0,0.0,0.06666666666666667,15,15,0.057375390242124326
A,0.05,8,ramp,1013,test,17,1.2882555979550148,0.5289742135688534,0.4106127808864565,1.2882555979550148,1.391956476743874,5.2332761401768115,0.31765003150029636,18.173633316171575,70.73831528371508,0.07891310184189117,1.0,1.0,0.0,0.06666666666666667,15,15,0.057375390242124326
A,0.05,8,ramp,1014,test,17,1.2451717448842041,0.5072308942771425,0.40735817879027836,1.2451717448842041,1.2038106702326339,4.012810726074747,0.5685346218414016,8.470614532565714,45.78715023485532,0.2901174351529951,1.0,1.0,0.0,0.13333333333333333,15,15,0.057375390242124326
A,0.05,8,jump,1000,train,17,1.1958368876511112,0.3741808798257835,0.3129029416049857,1.1958368876511112,1.4024051879993897,6.264229192762029,0.6488171752493183,19.00816385366459,94.3234184460467,0.35787265612735464,1.0,1.0,0.0,0.0,15,15,0.057375390242124326
A,0.05,8,jump,1001,train,17,1.544659319831828,0.5906163583507923,0.38236027243540965,1.544659319831828,2.1521652150858968,9.317115299398738,0.11138502235685527,25.989342930267398,141.63971766659242,0.16516136559320926,1.0,1.0,0.0,0.06666666666666667,15,15,0.057375390242124326
A,0.05,8,jump,1002,train,17,1.2200830452654672,0.5434282581843759,0.4454026800004717,1.2200830452654672,1.9529627292759169,8.676022146474487,-0.4216882573338163,21.001644634273028,129.97426543437447,0.5336350414342961,1.0,1.0,0.0,0.0,15,15,0.057375390242124326
A,0.05,8,jump,1003,train,17,1.2163421860062595,0.4243790418762265,0.3488977417363394,1.2163421860062595,1.6206537416423148,7.327166358092911,-0.1782286527191014,18.291020194612504,108.82748898519958,0.42226257834534653,1.0,1.0,0.0,0.0,15,15,0.057375390242124326
A,0.05,8,jump,1004,train,17,1.0813349494696067,0.47595820948471845,0.4401579822405401,1.0813349494696067,1.7926161522037607,7.993015636691902,0.475187223137418,17.332637314830944,119.41165574652231,0.48900969657926263,1.0,1.0,0.0,0.0,15,15,0.057375390242124326
A,0.05,8,jump,1005,test,17,1.2471549713079368,0.5363440880568732,0.4300540834106523,1.2471549713079368,1.9410887705541313,8.666923884842262,-0.06485311597151207,21.118162077183023,131.2013301639235,0.30185840457676155,1.0,1.0,0.0,0.0,15,15,0.057375390242124326
A,0.05,8,jump,1006,test,17,1.2180035535697469,0.5057369921503865,0.4152179939608249,1.2180035535697469,1.5980895924386764,7.1268708572285835,0.9341711190638332,18.738065874203624,104.04272217344418,0.2797655165712244,1.0,1.0,0.0,0.0,15,15,0.057375390242124326
A,0.05,8,jump,1007,test,17,1.2275756786646714,0.518027452360517,0.4219922741740984,1.2275756786646714,2.104783352232488,9.344379098095414,0.04309974555228564,22.287007227978993,142.67656101367484,0.4198651890895777,1.0,1.0,0.0,0.0,15,15,0.057375390242124326
A,0.05,8,jump,1008,test,17,1.3225647173424722,0.5446488988558841,0.41181266346669804,1.3225647173424722,2.0063323017485475,8.826312301723826,1.0466740334513176,19.828003260565293,133.8452500344027,0.38280794697845827,1.0,1.0,0.0,0.06666666666666667,15,15,0.057375390242124326
A,0.05,8,jump,1009,test,17,1.160676824619396,0.519637819097892,0.4477024164485143,1.160676824619396,1.7404268933781715,7.633828678935232,-0.181637299097405,20.144632084386902,111.42791087420808,0.4664767710888326,1.0,1.0,0.0,0.0,15,15,0.057375390242124326
A,0.05,8,jump,1010,test,17,1.3030412247166143,0.5837736557317699,0.448008585345202,1.3030412247166143,2.0622433816640027,9.223526637046005,0.1752874383715427,21.92319188933731,137.19119250938496,0.24768296406442586,1.0,1.0,0.0,0.0,15,15,0.057375390242124326
A,0.05,8,jump,1011,test,17,1.2953960142582888,0.5635702845328135,0.43505636757381855,1.2953960142582888,2.001295899458724,8.886547047781473,-0.09441662864115029,22.201620200963355,135.70547689105288,0.46736197195618323,1.0,1.0,0.0,0.0,15,15,0.057375390242124326
A,0.05,8,jump,1012,test,17,1.3201893582910862,0.45156883798034403,0.3420485365560555,1.3201893582910862,1.568099074090108,7.287632176836609,-0.205685230960698,17.56865324222854,106.40087551958969,0.5720915165954384,1.0,1.0,0.0,0.0,15,15,0.057375390242124326
A,0.05,8,jump,1013,test,17,1.3112303094303797,0.5919381850667654,0.45143723479356823,1.3112303094303797,2.1249069025367366,9.344078722822868,0.2535543017482397,23.808631362821696,140.53248044726604,0.3398312062608791,1.0,1.0,0.0,0.0,15,15,0.057375390242124326
A,0.05,8,jump,1014,test,17,1.2803395843460306,0.45612337307526446,0.3562518714972343,1.2803395843460306,1.4436823956113054,6.576510259182534,-1.0885279339416132,18.470771240494926,99.80965256923837,0.434044338729615,1.0,1.0,0.0,0.0,15,15,0.057375390242124326
A,0.05,16,return,1000,train,9,0.8436669971627668,0.027342356419054747,0.03240894394471572,0.8436669971627668,0.866884429708322,2.383038013651531,-0.03979589595366928,6.198768113869192,17.561559788107797,0.6425626743160135,1.0,1.0,1.0,0.14285714285714285,7,7,0.057375390242124326
A,0.05,16,return,1001,train,9,1.0234592770527184,0.02493210548975793,0.02436062288824578,1.0234592770527184,1.339070417082258,3.340903542884068,0.08448725916231759,7.420502938982982,25.38103938700933,0.4063881041414768,1.0,1.0,1.0,0.14285714285714285,7,7,0.057375390242124326
A,0.05,16,return,1002,train,9,1.085532269420106,0.024464291525328974,0.02253667828631005,1.085532269420106,1.4348919360079682,3.5697293819024196,-0.08698359122901753,7.99527182799987,27.05524631789565,0.3561870209027598,1.0,1.0,1.0,0.14285714285714285,7,7,0.057375390242124326
A,0.05,16,return,1003,train,9,1.4020329163187712,0.03857180075626193,0.027511337506638187,1.4020329163187712,1.8928227109511955,4.6747526471191145,0.30264610126330344,10.770588846648568,35.41600755771635,0.4847837974015743,1.0,1.0,1.0,0.14285714285714285,7,7,0.057375390242124326
A,0.05,16,return,1004,train,9,1.2494312934469978,0.07951706211000137,0.06364260486114882,1.2494312934469978,1.5701873314262866,3.9641598131985485,-0.2243477819686613,8.875743657071107,29.807898551644477,0.32090054180884026,1.0,1.0,1.0,0.14285714285714285,7,7,0.057375390242124326
A,0.05,16,return,1005,test,9,1.1689155584580986,0.04314619298577685,0.03691130011366299,1.1689155584580986,1.5373398522973356,3.830360117719323,-0.09540412393217094,8.618694708432711,28.783143856011463,0.32260669176213563,1.0,1.0,1.0,0.14285714285714285,7,7,0.057375390242124326
A,0.05,16,return,1006,test,9,0.9341894264230237,0.03675943687018345,0.039349018336606485,0.9341894264230237,1.0288014977119262,2.8545129892116488,0.019961524835748472,6.124332639935977,20.98590228056544,0.20781235217794272,1.0,1.0,1.0,0.14285714285714285,7,7,0.057375390242124326
A,0.05,16,return,1007,test,9,1.2179456205052486,0.027051649649425934,0.022210884619137523,1.2179456205052486,1.59346879812578,3.96924112445166,-0.0017296618104769884,8.73253227644758,30.105398344147485,0.4044163062397376,1.0,1.0,1.0,0.14285714285714285,7,7,0.057375390242124326
A,0.05,16,return,1008,test,9,0.684776909201976,0.046642321039575316,0.06811316271445433,0.684776909201976,0.6221005431019289,1.7862747868194409,0.20954852915087038,3.590642841941848,12.378863946094977,0.3268329504193794,1.0,1.0,0.0,0.14285714285714285,7,7,0.057375390242124326
A,0.05,16,return,1009,test,9,0.914754162478269,0.030501983625156923,0.03334446004871995,0.914754162478269,1.0472247523883949,2.739282615922644,-0.04650899142190162,5.799395361570446,20.460665235473215,0.4800561714667377,1.0,1.0,1.0,0.14285714285714285,7,7,0.057375390242124326
A,0.05,16,return,1010,test,9,1.1812469962809184,0.025931337588099956,0.021952510922561612,1.1812469962809184,1.5495224499480904,3.8628085927051057,-0.0009157533313008948,9.003622243461658,29.14176412825215,0.18118404757388765,1.0,1.0,1.0,0.14285714285714285,7,7,0.057375390242124326
A,0.05,16,return,1011,test,9,0.3158457482921381,0.035734342860356205,0.11313859076331183,0.3158457482921381,0.06290991264033334,0.41918892770266725,0.04049262916215923,0.675510569443132,1.850267806405455,0.3634440151432595,1.0,1.0,0.0,0.0,7,7,0.057375390242124326
A,0.05,16,return,1012,test,9,1.0412192906163371,0.03964228174025413,0.03807294207619642,1.0412192906163371,1.3168872094926405,3.3203563537408476,-0.10282995937269616,7.52142815760016,24.81370871899121,0.2810357732219479,1.0,1.0,1.0,0.14285714285714285,7,7,0.057375390242124326
A,0.05,16,return,1013,test,9,1.1259659446542436,0.026971760614107547,0.023954330716805035,1.1259659446542436,1.3227837529798923,3.416527522232796,-0.034605916126659864,7.070909772058902,24.279810333932186,0.43607917943739094,1.0,1.0,1.0,0.14285714285714285,7,7,0.057375390242124326
A,0.05,16,return,1014,test,9,1.0175727405876724,0.026769187861835936,0.026306903471466907,1.0175727405876724,1.371288422201327,3.3910771683166194,-0.05295810134504385,7.579259023650965,25.23798377611379,0.21738374296639756,1.0,1.0,1.0,0.14285714285714285,7,7,0.057375390242124326
A,0.05,16,ramp,1000,train,9,0.8413210941158724,0.425557569984128,0.5058206349043679,0.8413210941158724,1.0051996171834818,3.3637445354610946,0.29235758674635043,7.151354904383111,22.901948843150834,0.5323044686246191,1.0,1.0,1.0,0.14285714285714285,7,7,0.057375390242124326
A,0.05,16,ramp,1001,train,9,0.8524339358021606,0.48932485545249815,0.5740325846976421,0.8524339358021606,0.9386512804519855,3.305681212226317,-0.22322147851353794,7.1272335212034506,21.300437200641614,-0.15681191082682971,1.0,1.0,1.0,0.0,7,7,0.057375390242124326
A,0.05,16,ramp,1002,train,9,0.7544039583211707,0.47471274101032673,0.6292553687904012,0.7544039583211707,0.9122735638900025,3.132696316163881,0.4155828128789751,6.519471917781471,21.99853676145625,-0.10049067665120491,1.0,1.0,0.0,0.0,7,7,0.057375390242124326
A,0.05,16,ramp,1003,train,9,0.7814045068069795,0.3968030150581492,0.5078074308524131,0.7814045068069795,1.005388588073877,3.429488437182089,0.20687047446181786,7.84255207899943,25.150773721752053,0.4123729264114387,1.0,1.0,0.0,0.0,7,7,0.057375390242124326
A,0.05,16,ramp,1004,train,9,0.8603420722413097,0.5540215905975836,0.6439550133289205,0.8603420722413097,1.145282061071764,3.6609245646033517,-0.0017226967329553946,7.9499992655099145,25.957422001036733,0.3829775367593665,1.0,1.0,1.0,0.14285714285714285,7,7,0.057375390242124326
A,0.05,16,ramp,1005,test,9,0.7051674233437532,0.38245283737064745,0.5423574951280901,0.7051674233437532,0.7449797350522224,2.557191722620993,0.6514774688999607,6.406192751371374,18.495829953776205,0.5879332848475883,1.0,1.0,0.0,0.0,7,7,0.057375390242124326
A,0.05,16,ramp,1006,test,9,1.0539051480018429,0.5648162928282757,0.5359270650676128,1.0539051480018429,1.0004872235264695,2.594049518217112,0.11849781275760256,5.623208648966178,18.219846719278262,0.30873121153041005,1.0,1.0,1.0,0.2857142857142857,7,7,0.057375390242124326
A,0.05,16,ramp,1007,test,9,0.6874731276574488,0.39705648059715204,0.5775592741349966,0.6874731276574488,0.674981235409933,2.210923855281198,-0.08654657564409186,5.219130337642113,15.236895586941829,0.2769796189252088,1.0,1.0,0.0,0.14285714285714285,7,7,0.057375390242124326
A,0.05,16,ramp,1008,test,9,0.6873519616912657,0.40160774807961924,0.5842825371319844,0.6873519616912657,0.9739325395170442,3.256394468097057,-0.011219088717007861,7.037106038686334,23.434927938929974,0.32165981821199513,1.0,1.0,0.0,0.0,7,7,0.057375390242124326
A,0.05,16,ramp,1009,test,9,0.6473391218594301,0.3959497068027099,0.611657311341505,0.6473391218594301,0.9135828858931555,3.048492803295714,-0.2627915772674133,6.716974351880987,22.804242677619843,0.09746572202311048,1.0,1.0,0.0,0.0,7,7,0.057375390242124326
A,0.05,16,ramp,1010,test,9,0.8465319530221986,0.5153614741812208,0.6087915197309822,0.8465319530221986,1.098130767257127,3.6049901101095805,-0.007042847484944913,7.655580641983482,26.35477493963648,0.3686111087256183,1.0,1.0,1.0,0.14285714285714285,7,7,0.057375390242124326
A,0.05,16,ramp,1011,test,9,0.7823320436632484,0.3992618371968124,0.5103483110921544,0.7823320436632484,1.025990588276824,3.480893742434891,0.3910923221818991,7.154507388001463,23.285884102674597,0.26596037313461557,1.0,1.0,0.0,0.0,7,7,0.057375390242124326
A,0.05,16,ramp,1012,test,9,0.682116769575114,0.39876502523174945,0.5845993574973058,0.682116769575114,0.5661918652268053,1.6833548272235235,0.005621161780568785,3.3197716672176574,10.241072013140146,0.13713902664935929,1.0,1.0,0.0,0.14285714285714285,7,7,0.057375390242124326
A,0.05,16,ramp,1013,test,9,1.0693189158458678,0.5289742135688534,0.4946833032972364,1.0693189158458678,1.1643727222660682,3.1941780101677315,0.4284881649689411,7.056475913591988,20.921190146200164,0.3760298176815175,1.0,1.0,1.0,0.14285714285714285,7,7,0.057375390242124326
A,0.05,16,ramp,1014,test,9,0.9403847370564116,0.5072308942771425,0.5393865662525261,0.9403847370564116,1.1179650679346707,3.2278961891672386,0.5577740268463428,6.520354210370938,23.18361355682613,0.2694355620629666,1.0,1.0,1.0,0.14285714285714285,7,7,0.057375390242124326
A,0.05,16,jump,1000,train,9,0.888365116953604,0.3741808798257835,0.42120168012554415,0.888365116953604,0.9194807062072251,3.1321145963810144,0.3185833188409717,7.159228757320602,23.953661342169568,0.39875030277605955,1.0,1.0,1.0,0.2857142857142857,7,7,0.057375390242124326
A,0.05,16,jump,1001,train,9,1.0069388727397617,0.5906163583507923,0.5865463876111913,1.0069388727397617,1.3979121316492364,4.658557649699369,0.3170551556342066,10.550484624010096,34.402922737905676,0.5354791518841141,1.0,1.0,1.0,0.14285714285714285,7,7,0.057375390242124326
A,0.05,16,jump,1002,train,9,0.7524665076648797,0.5434282581843759,0.7221959418111383,0.7524665076648797,1.2712924138166648,4.110782811778378,-0.07263361561930289,9.18032140435825,30.43738774159927,0.09392985688252768,1.0,1.0,0.0,0.0,7,7,0.057375390242124326
A,0.05,16,jump,1003,train,9,0.7734352241980916,0.4243790418762265,0.548693709051367,0.7734352241980916,1.0992613638449857,3.6635831790464555,0.06493860368068129,8.14514546142291,28.012258042852828,0.42452653467406715,1.0,1.0,0.0,0.0,7,7,0.057375390242124326
A,0.05,16,jump,1004,train,9,0.7636313638419503,0.47595820948471845,0.6232826885083627,0.7636313638419503,1.2239875541947034,3.996507818345951,0.18280522661143042,8.554842597482814,30.251666618465148,0.43158413622989034,1.0,1.0,0.0,0.0,7,7,0.057375390242124326
A,0.05,16,jump,1005,test,9,0.8849667808344222,0.5363440880568732,0.6060612665609462,0.8849667808344222,1.3108087265321944,4.333461942421131,0.23195783590405591,9.66765421599072,32.37865219154818,0.3542655681681736,1.0,1.0,1.0,0.0,7,7,0.057375390242124326
A,0.05,16,jump,1006,test,9,0.9055990977255217,0.5057369921503865,0.558455715581632,0.9055990977255217,1.0486661797467847,3.5634354286142917,0.8796175686456463,8.525349373675196,26.434984237477952,0.24943123047212165,1.0,1.0,1.0,0.0,7,7,0.057375390242124326
A,0.05,16,jump,1007,test,9,0.8554275375383131,0.518027452360517,0.6055772460298139,0.8554275375383131,1.4097456398291603,4.565416040362523,0.013774985902294392,11.103140271582372,34.90638961659162,-0.03644164685263729,1.0,1.0,1.0,0.0,7,7,0.057375390242124326
A,0.05,16,jump,1008,test,9,0.9406638073757394,0.5446488988558841,0.5790048416716953,0.9406638073757394,1.3397724856684956,4.413156150861913,0.06512729918204789,11.103114936030398,33.951071979938455,0.37344631485458246,1.0,1.0,1.0,0.0,7,7,0.057375390242124326
A,0.05,16,jump,1009,test,9,0.8126054457356866,0.519637819097892,0.6394712487158408,0.8126054457356866,1.1718179714405927,3.8514363269086713,0.41420894504959244,9.45013385958236,28.80348734216311,0.19174220788770416,1.0,1.0,1.0,0.0,7,7,0.057375390242124326
A,0.05,16,jump,1010,test,9,1.008036854110222,0.5837736557317699,0.5791193579396038,1.008036854110222,1.4005746527266973,4.6117633185230025,0.1613131054701183,10.22956145031452,34.40132801147256,0.6478064756532497,1.0,1.0,1.0,0.2857142857142857,7,7,0.057375390242124326
A,0.05,16,jump,1011,test,9,0.833243826410428,0.5635702845328135,0.6763569877986922,0.833243826410428,1.366611881135767,4.443273523890737,-0.009966869439295018,9.93210767026782,32.638001984477654,0.3593451779315674,1.0,1.0,1.0,0.0,7,7,0.057375390242124326
A,0.05,16,jump,1012,test,9,0.8463980735441639,0.45156883798034403,0.5335182724240709,0.8463980735441639,1.068740107907425,3.6438160884183044,0.05737774361799351,8.204332401922551,26.269108417775303,0.39769505367173597,1.0,1.0,1.0,0.0,7,7,0.057375390242124326
A,0.05,16,jump,1013,test,9,1.0660967738912168,0.5919381850667654,0.5552386983652631,1.0660967738912168,1.4151028903309344,4.672039361411434,1.3206696138785705,11.252441283092267,35.387055661952964,0.2435123735331345,1.0,1.0,1.0,0.0,7,7,0.057375390242124326
A,0.05,16,jump,1014,test,9,0.7263836361285927,0.45612337307526446,0.6279372915203122,0.7263836361285927,0.9800969889205002,3.288255129591267,-0.008472482996497912,8.282530177117158,24.599395912643406,0.17337090970315033,1.0,1.0,0.0,0.0,7,7,0.057375390242124326
B,0.0,8,return,1000,train,17,1.3601377862847257,0.0,0.0,1.3601377862847257,1.654659338699261,4.966761891501723,0.0,19.47522041482053,53.355194753482905,-0.2881879158266011,0.6,1.0,1.0,0.6,15,9,0.0
B,0.0,8,return,1001,train,17,1.4391852574602106,0.0,0.0,1.4391852574602106,1.8560063492671754,5.713240845836466,0.0,22.846491244176597,54.241040427159334,-0.24773798814617048,0.5333333333333333,1.0,1.0,0.5333333333333333,15,8,0.0
B,0.0,8,return,1002,train,17,1.472885957993503,0.0,0.0,1.472885957993503,1.9360039626386565,5.66880791208769,0.0,21.282220022478462,62.66467078759449,-0.35454857821468694,0.5333333333333333,1.0,1.0,0.5333333333333333,15,8,0.0
B,0.0,8,return,1003,train,17,1.3155995600338732,0.0,0.0,1.3155995600338732,1.708787923041409,4.745603726597496,-9.473903143468002e-16,19.886602979351316,57.90178948836714,-0.35912145925846106,0.6,1.0,1.0,0.6,15,9,0.0
B,0.0,8,return,1004,train,17,1.4142903489403345,0.0,0.0,1.4142903489403345,1.8762831087368426,5.787556482116269,0.0,21.721605206532047,55.79416195711289,-0.2834461480765635,0.5333333333333333,1.0,1.0,0.5333333333333333,15,8,0.0
B,0.0,8,return,1005,test,17,1.2540902627519004,0.0,0.0,1.2540902627519004,1.6857808837594237,4.349418885643146,0.0,18.287201807534167,59.17447849450845,-0.2724100564007832,0.5333333333333333,1.0,1.0,0.5333333333333333,15,8,0.0
B,0.0,8,return,1006,test,17,1.4899882445896102,0.0,0.0,1.4899882445896102,2.1060668186216303,6.309934175601265,0.0,25.8295306568569,65.81229692932109,-0.17337793278762065,0.4666666666666667,1.0,1.0,0.4666666666666667,15,7,0.0
B,0.0,8,return,1007,test,17,1.3010658349177542,0.0,0.0,1.3010658349177542,1.6258061778729471,5.01169697537123,0.0,18.917999440973514,54.021303451395084,-0.2757612332362255,0.6,1.0,1.0,0.6,15,9,0.0
B,0.0,8,return,1008,test,17,1.2254693516902626,0.0,0.0,1.2254693516902626,1.7281979174218733,5.134648656678669,0.0,19.800921991513903,64.29623241433929,-0.1847565276119306,0.4666666666666667,1.0,1.0,0.4666666666666667,15,7,0.0
B,0.0,8,return,1009,test,17,1.2837380436555683,0.0,0.0,1.2837380436555683,1.7721020135696923,5.5008024244200655,0.0,21.789289234220277,64.212819190015,-0.3184172719129495,0.5333333333333333,1.0,1.0,0.5333333333333333,15,8,0.0
B,0.0,8,return,1010,test,17,1.258186685316386,0.0,0.0,1.258186685316386,1.691971392449698,4.936359212164267,0.0,19.14009227908865,58.579111956883,-0.3647898059783771,0.6,1.0,1.0,0.6,15,9,0.0
B,0.0,8,return,1011,test,17,1.3280689812855835,0.0,0.0,1.3280689812855835,1.8407829036450616,5.675407694254686,9.473903143468002e-16,21.364280718154234,63.62498580719145,-0.17209862077801621,0.4666666666666667,1.0,1.0,0.4666666666666667,15,7,0.0
B,0.0,8,return,1012,test,17,1.3789223227762308,0.0,0.0,1.3789223227762308,1.8740842296012097,5.506934538132981,0.0,22.029218339475452,59.97485463524825,-0.39968108979859984,0.5333333333333333,1.0,1.0,0.5333333333333333,15,8,0.0
B,0.0,8,return,1013,test,17,1.4007148256207138,0.0,0.0,1.4007148256207138,1.755064236799315,5.027234193008022,0.0,19.771784639138012,50.320214306290225,-0.29432995808520274,0.6,1.0,1.0,0.6,15,9,0.0
B,0.0,8,return,1014,test,17,1.4553906344964194,0.0,0.0,1.4553906344964194,2.0502238310732874,6.647444457406562,0.0,25.645481409165352,78.67467241608716,-0.1819548265089132,0.5333333333333333,1.0,1.0,0.5333333333333333,15,8,0.0
B,0.0,8,ramp,1000,train,17,0.8160176440065088,0.451204101137028,0.5529342465215483,0.8160176440065088,1.1680411587053148,4.024415239759278,-1.1842378929335003e-16,8.860553113300767,34.15109172923323,-0.24009350929524848,0.6666666666666666,1.0,1.0,0.6666666666666666,15,10,0.0
B,0.0,8,ramp,1001,train,17,0.7969473017393149,0.43590715864741786,0.546971120544687,0.7969473017393149,1.0795461303669156,3.45040395503485,0.0,7.360861770741013,33.457281210331516,-0.32914504124697597,0.6,1.0,1.0,0.6,15,9,0.0
B,0.0,8,ramp,1002,train,17,0.8162181533950909,0.4582361328511227,0.5614137972122671,0.8162181533950909,1.2365884027585832,4.2008902126667405,0.0,9.02753121247323,31.338416143578087,-0.4589936595500978,0.5333333333333333,1.0,1.0,0.5333333333333333,15,8,0.0
B,0.0,8,ramp,1003,train,17,0.8472331235526169,0.4524433990000764,0.5340246815456073,0.8472331235526169,1.14449482737412,3.7698688667682365,0.0,8.042386915772237,32.199529932561305,-0.20760274680642302,0.5333333333333333,1.0,1.0,0.5333333333333333,15,8,0.0
B,0.0,8,ramp,1004,train,17,0.7719814097612039,0.42532941569624044,0.550958106397675,0.7719814097612039,1.09094085579689,3.600067828968303,0.0,7.680144701799046,30.358358696170598,-0.3863031899892956,0.5333333333333333,1.0,1.0,0.5333333333333333,15,8,0.0
B,0.0,8,ramp,1005,test,17,0.7944017624092825,0.4495421084024864,0.5658876020605786,0.7944017624092825,1.291536548257665,4.573460656315095,0.0,9.918048203176717,40.40476289173148,-0.20933950811368413,0.5333333333333333,1.0,1.0,0.5333333333333333,15,8,0.0
B,0.0,8,ramp,1006,test,17,0.8742802840541304,0.482181164364087,0.5515178291887834,0.8742802840541304,1.149917531847173,3.6060518447247514,0.0,7.692910602079469,30.992657758463864,-0.5899353625439192,0.6,1.0,1.0,0.6,15,9,0.0
B,0.0,8,ramp,1007,test,17,0.7967810420573428,0.4433665161140324,0.556447119988234,0.7967810420573428,1.1604795599951574,3.7976399658055024,-5.921189464667501e-17,8.101631927051738,31.897120352672275,-0.268344838389761,0.5333333333333333,1.0,1.0,0.5333333333333333,15,8,0.0
B,0.0,8,ramp,1008,test,17,0.7770367283792862,0.4311185370046576,0.5548238857433011,0.7770367283792862,1.0500532320641867,3.346697277986123,0.0,7.1396208597037285,28.875061387315696,-0.626371070801213,0.6,1.0,1.0,0.6,15,9,0.0
B,0.0,8,ramp,1009,test,17,0.7315846516616474,0.41441985747318905,0.5664687695838311,0.7315846516616474,1.08900918843258,3.5771793994110896,-2.960594732333751e-17,7.884623838469565,34.13076082294783,-0.47718839277293235,0.6,1.0,1.0,0.6,15,9,0.0
B,0.0,8,ramp,1010,test,17,0.774640799161556,0.4384389721097834,0.5659900338122318,0.774640799161556,1.117618199475012,3.5658910185499435,0.0,7.607234172906546,32.78345694459264,-0.5568337853312162,0.5333333333333333,1.0,1.0,0.5333333333333333,15,8,0.0
B,0.0,8,ramp,1011,test,17,0.8242719296963903,0.4647975101116003,0.5638885583339013,0.8242719296963903,1.165122388328777,3.500874408679725,0.0,7.632278268589758,35.32499616304861,-0.6459607484173543,0.6,1.0,1.0,0.6,15,9,0.0
B,0.0,8,ramp,1012,test,17,0.787421384119829,0.45227485463704264,0.5743746153688607,0.787421384119829,1.1440470824159816,3.442026593042211,0.0,7.342990065156717,29.63306294069052,-0.5729533106736983,0.4666666666666667,1.0,1.0,0.4666666666666667,15,7,0.0
B,0.0,8,ramp,1013,test,17,0.8910688451783815,0.4606299645069005,0.5169409378404289,0.8910688451783815,1.158658973146622,3.4842824618241197,2.3684757858670006e-16,7.433135918558122,36.67946655364398,-0.0721013407443944,0.5333333333333333,1.0,1.0,0.5333333333333333,15,8,0.0
B,0.0,8,ramp,1014,test,17,0.768375199684999,0.44642793892465304,0.5810025350996094,0.768375199684999,1.1701267602921248,3.543276479206588,0.0,7.558989822307387,37.97078269850722,-0.5874046920760774,0.5333333333333333,1.0,1.0,0.5333333333333333,15,8,0.0
B,0.0,8,jump,1000,train,17,0.4296154071196063,0.4296154071196063,1.0,0.4296154071196063,1.6638933170483543,6.8738465139137,0.0,14.664205896349227,109.9815442226192,nan,0.0,1.0,1.0,0.0,15,0,0.0
B,0.0,8,jump,1001,train,17,0.4541676538605454,0.4541676538605454,1.0,0.4541676538605454,1.7589837597879872,7.266682461768727,0.0,15.50225591843995,116.26691938829963,nan,0.0,1.0,1.0,0.0,15,0,0.0
B,0.0,8,jump,1002,train,17,0.4445975976880895,0.4445975976880895,1.0,0.4445975976880895,1.721919091609796,7.113561563009432,0.0,15.175598001086788,113.81698500815091,nan,0.0,1.0,1.0,0.0,15,0,0.0
B,0.0,8,jump,1003,train,17,0.424399012045758,0.424399012045758,1.0,0.424399012045758,1.6436903058001016,6.790384192732128,0.0,14.486152944495206,108.64614708371404,nan,0.0,1.0,1.0,0.0,15,0,0.0
B,0.0,8,jump,1004,train,17,0.4212197710468893,0.4212197710468893,1.0,0.4212197710468893,1.6313771583579033,6.739516336750229,0.0,14.377634851733822,107.83226138800366,nan,0.0,1.0,1.0,0.0,15,0,0.0
B,0.0,8,jump,1005,test,17,0.4782636246438346,0.4782636246438346,1.0,0.4782636246438346,1.8523070533423664,7.6522179943013535,0.0,16.32473172117622,122.43548790882166,nan,0.0,1.0,1.0,0.0,15,0,0.0
B,0.0,8,jump,1006,test,17,0.45519379721238606,0.45519379721238606,1.0,0.45519379721238606,1.7629579959004873,7.283100755398177,0.0,15.53728161151611,116.52961208637083,nan,0.0,1.0,1.0,0.0,15,0,0.0
B,0.0,8,jump,1007,test,17,0.4577787177498375,0.4577787177498375,1.0,0.4577787177498375,1.7729693500933064,7.3244594839974,0.0,15.625513565861121,117.1913517439584,nan,0.0,1.0,1.0,0.0,15,0,0.0
B,0.0,8,jump,1008,test,17,0.42747865856870626,0.42747865856870626,1.0,0.42747865856870626,1.6556177254956859,6.8396585370993,0.0,14.591271545811841,109.4345365935888,nan,0.0,1.0,1.0,0.0,15,0,0.0
B,0.0,8,jump,1009,test,17,0.45909563302876105,0.45909563302876105,1.0,0.45909563302876105,1.7780697410369433,7.345530128460177,0.0,15.670464274048378,117.52848205536283,nan,0.0,1.0,1.0,0.0,15,0,0.0
B,0.0,8,jump,1010,test,17,0.47510505406746084,0.47510505406746084,1.0,0.47510505406746084,1.8400739621022502,7.6016808650793735,0.0,16.216919178835997,121.62689384126998,nan,0.0,1.0,1.0,0.0,15,0,0.0
B,0.0,8,jump,1011,test,17,0.4484814216314977,0.4484814216314977,1.0,0.4484814216314977,1.7369610770622173,7.175702746103963,0.0,15.308165858355121,114.8112439376634,nan,0.0,1.0,1.0,0.0,15,0,0.0
B,0.0,8,jump,1012,test,17,0.42356017133916635,0.42356017133916635,1.0,0.42356017133916635,1.6404414897133515,6.7769627414266616,0.0,14.457520515043544,108.43140386282658,nan,0.0,1.0,1.0,0.0,15,0,0.0
B,0.0,8,jump,1013,test,17,0.4454466490336795,0.4454466490336795,1.0,0.4454466490336795,1.7252074533313408,7.127146384538872,0.0,15.204578953682926,114.03434215262195,nan,0.0,1.0,1.0,0.0,15,0,0.0
B,0.0,8,jump,1014,test,17,0.46620416876422577,0.46620416876422577,1.0,0.46620416876422577,1.8056009815563183,7.459266700227612,0.0,15.913102293818906,119.3482672036418,nan,0.0,1.0,1.0,0.0,15,0,0.0
B,0.0,16,return,1000,train,9,1.1329792149254376,0.0,0.0,1.1329792149254376,1.2158733459923652,3.205969557003015,0.0,13.200986685740427,21.002974443439317,0.007710691518343404,0.7142857142857143,1.0,1.0,0.7142857142857143,7,5,0.0
B,0.0,16,return,1001,train,9,1.1628810709324182,0.0,0.0,1.1628810709324182,1.252726774923232,3.378680974626661,0.0,13.065254895429716,22.87542875065814,0.08254917162560056,0.5714285714285714,1.0,1.0,0.5714285714285714,7,4,0.0
B,0.0,16,return,1002,train,9,1.1334419598382386,0.0,0.0,1.1334419598382386,1.3573207952606494,3.422266902674742,0.0,13.81927797975827,26.868268428791687,0.014335472007336843,0.5714285714285714,1.0,1.0,0.5714285714285714,7,4,0.0
B,0.0,16,return,1003,train,9,1.09884203798687,0.0,0.0,1.09884203798687,1.2756511238179467,3.2727485325299512,0.0,13.685427631399174,21.717008449657495,0.03027751543415035,0.7142857142857143,1.0,1.0,0.7142857142857143,7,5,0.0
B,0.0,16,return,1004,train,9,1.0754617027948208,0.0,0.0,1.0754617027948208,1.2138616658608792,3.0368624914128346,0.0,11.246316397807925,23.434482662183033,0.058188642479762395,0.5714285714285714,1.0,1.0,0.5714285714285714,7,4,0.0
B,0.0,16,return,1005,test,9,1.0915552620243942,0.0,0.0,1.0915552620243942,1.2088989080661243,3.1121294548434055,0.0,11.398980513163897,22.539779880857786,0.12958774353561753,0.5714285714285714,1.0,1.0,0.5714285714285714,7,4,0.0
B,0.0,16,return,1006,test,9,1.123677985943325,0.0,0.0,1.123677985943325,1.2864623409902098,3.1549670878006326,0.0,11.326773574723402,25.23973670240506,0.14117817801874336,0.42857142857142855,1.0,1.0,0.42857142857142855,7,3,0.0
B,0.0,16,return,1007,test,9,1.0737903959462716,0.0,0.0,1.0737903959462716,1.1891699688673623,3.108304810420123,5.075305255429287e-16,13.102289647889366,21.76674784594204,0.003783883329216681,0.7142857142857143,1.0,1.0,0.7142857142857143,7,5,0.0
B,0.0,16,return,1008,test,9,1.0926652279965652,0.0,0.0,1.0926652279965652,1.1158423343217483,2.5673243283393345,0.0,7.359869995898842,20.538594626714676,0.20693821523954006,0.42857142857142855,1.0,1.0,0.42857142857142855,7,3,0.0
B,0.0,16,return,1009,test,9,1.0039812273885655,0.0,0.0,1.0039812273885655,1.2327199199799141,3.1265540796460796,0.0,13.193250018794947,24.204096077365676,-0.07785756634965976,0.5714285714285714,1.0,1.0,0.5714285714285714,7,4,0.0
B,0.0,16,return,1010,test,9,1.1237164089336855,0.0,0.0,1.1237164089336855,1.2705415496244299,3.2376657788099,0.0,14.007911964413864,24.597487069083613,0.017933444258550608,0.7142857142857143,1.0,1.0,0.7142857142857143,7,5,0.0
B,0.0,16,return,1011,test,9,1.1203245608617047,0.0,0.0,1.1203245608617047,1.179602448329669,2.837703847127343,0.0,8.72944235008165,22.701630777018742,0.17225504346063603,0.42857142857142855,1.0,1.0,0.42857142857142855,7,3,0.0
B,0.0,16,return,1012,test,9,1.1841104733046384,0.0,0.0,1.1841104733046384,1.336289279460751,3.4750016852328285,0.0,14.504422595266645,25.913548129819755,0.08327141880707982,0.5714285714285714,1.0,1.0,0.5714285714285714,7,4,0.0
B,0.0,16,return,1013,test,9,1.090408359973341,0.0,0.0,1.090408359973341,1.173078247420621,2.9173652068962115,0.0,10.333966939293052,22.530923007558613,0.0613119373215538,0.7142857142857143,1.0,1.0,0.7142857142857143,7,5,0.0
B,0.0,16,return,1014,test,9,1.0704855246029061,0.0,0.0,1.0704855246029061,1.3826324450363467,3.4859987862263226,0.0,14.738228834846748,26.589777829626247,-0.07922165520990271,0.5714285714285714,1.0,1.0,0.5714285714285714,7,4,0.0
B,0.0,16,ramp,1000,train,9,0.6907895830142021,0.451204101137028,0.6531715477935219,0.6907895830142021,0.9039782142258663,2.3053852697597366,-9.516197353929913e-17,5.269452045165112,15.731214283479435,-0.379637743200521,0.7142857142857143,1.0,1.0,0.7142857142857143,7,5,0.0
B,0.0,16,ramp,1001,train,9,0.6864416727383471,0.43590715864741786,0.6350243232006892,0.6864416727383471,0.8851715526822088,2.4723807589554823,0.0,5.651156020469673,13.8016158201394,-0.5024174825783418,0.5714285714285714,1.0,1.0,0.5714285714285714,7,4,0.0
B,0.0,16,ramp,1002,train,9,0.7154855468211339,0.4582361328511227,0.6404547721292801,0.7154855468211339,0.9595209707145139,2.894920840465163,0.0,6.616961921063231,14.020380588446912,-0.3167633164018416,0.5714285714285714,1.0,1.0,0.5714285714285714,7,4,0.0
B,0.0,16,ramp,1003,train,9,0.6659527651037513,0.4524433990000764,0.6793926276882243,0.6659527651037513,0.8531626432948001,2.155138017410394,0.0,4.926029754080901,14.078965963752704,-0.47284408768812936,0.5714285714285714,1.0,1.0,0.5714285714285714,7,4,0.0
B,0.0,16,ramp,1004,train,9,0.6878903624044863,0.42532941569624044,0.6183098920146559,0.6878903624044863,0.890511124605759,2.670898758897337,0.0,6.104911448908199,11.968819589989423,-0.3341131568472067,0.5714285714285714,1.0,1.0,0.5714285714285714,7,4,0.0
B,0.0,16,ramp,1005,test,9,0.6780470257878958,0.4495421084024864,0.6629954727404269,0.6780470257878958,0.9584680428147507,2.9417617069817217,-6.344131569286608e-17,6.724026758815364,15.341441753526265,-0.2164665844848527,0.5714285714285714,1.0,1.0,0.5714285714285714,7,4,0.0
B,0.0,16,ramp,1006,test,9,0.7898703911673501,0.482181164364087,0.6104560567860646,0.7898703911673501,0.976786778889516,2.884347434719978,0.0,6.592794136502805,12.25523220949838,-0.5162185785179396,0.5714285714285714,1.0,1.0,0.5714285714285714,7,4,0.0
B,0.0,16,ramp,1007,test,9,0.6895526930548905,0.4433665161140324,0.6429769915766815,0.6895526930548905,0.8970576018357307,2.6863390309194948,1.2688263138573217e-16,6.140203499244559,14.274432472302017,-0.3001617307163207,0.5714285714285714,1.0,1.0,0.5714285714285714,7,4,0.0
B,0.0,16,ramp,1008,test,9,0.7024656195912113,0.4311185370046576,0.6137219032235914,0.7024656195912113,0.8779987427057863,2.601942606575007,-6.344131569286608e-17,5.9472973864571586,11.297963672157401,-0.48504692478151423,0.5714285714285714,1.0,1.0,0.5714285714285714,7,4,0.0
B,0.0,16,ramp,1009,test,9,0.6332404264352129,0.41441985747318905,0.6544431469831127,0.6332404264352129,0.8630190110973196,2.320288683828397,9.516197353929913e-17,5.303516991607765,14.308717597644359,-0.5246100269978599,0.5714285714285714,1.0,1.0,0.5714285714285714,7,4,0.0
B,0.0,16,ramp,1010,test,9,0.6468255052541567,0.4384389721097834,0.6778319168745639,0.6468255052541567,0.8427980402277874,2.1379947931387475,0.0,4.886845241459994,14.568378143435044,-0.5218108767309387,0.5714285714285714,1.0,1.0,0.5714285714285714,7,4,0.0
B,0.0,16,ramp,1011,test,9,0.7403548443342345,0.4647975101116003,0.6278036993592855,0.7403548443342345,0.975193319197374,2.7847261961259067,6.344131569286608e-17,6.3650884482877865,14.0034976347189,-0.49109415655867694,0.5714285714285714,1.0,1.0,0.5714285714285714,7,4,0.0
B,0.0,16,ramp,1012,test,9,0.6997709069457989,0.45227485463704264,0.6463184595813353,0.6997709069457989,0.9000510714747472,2.616476024631231,1.2688263138573217e-16,5.9805166277285275,14.571967560053633,-0.32081733650871225,0.5714285714285714,1.0,1.0,0.5714285714285714,7,4,0.0
B,0.0,16,ramp,1013,test,9,0.7456142000157608,0.4606299645069005,0.6177859333917778,0.7456142000157608,0.9903802363513989,2.8678846347737905,0.0,6.55516487948295,15.08956181868888,-0.33493166597735335,0.5714285714285714,1.0,1.0,0.5714285714285714,7,4,0.0
B,0.0,16,ramp,1014,test,9,0.6952437896506309,0.44642793892465304,0.6421171185851066,0.6952437896506309,0.9681415111505309,2.7316443950765708,0.0,6.243758617317876,14.988421701241563,-0.4374689605759289,0.5714285714285714,1.0,1.0,0.5714285714285714,7,4,0.0
B,0.0,16,jump,1000,train,9,0.4296154071196063,0.4296154071196063,1.0,0.4296154071196063,1.1366555266402463,3.43692325695685,0.0,7.855824587329943,27.4953860556548,nan,0.0,1.0,1.0,0.0,7,0,0.0
B,0.0,16,jump,1001,train,9,0.4541676538605454,0.4541676538605454,1.0,0.4541676538605454,1.2016146656446673,3.6333412308843633,0.0,8.304779956307117,29.066729847074907,nan,0.0,1.0,1.0,0.0,7,0,0.0
B,0.0,16,jump,1002,train,9,0.4445975976880895,0.4445975976880895,1.0,0.4445975976880895,1.17629467697943,3.556780781504716,0.0,8.12978464343935,28.454246252037727,nan,0.0,1.0,1.0,0.0,7,0,0.0
B,0.0,16,jump,1003,train,9,0.424399012045758,0.424399012045758,1.0,0.424399012045758,1.122854242534581,3.395192096366064,0.0,7.7604390774081455,27.16153677092851,nan,0.0,1.0,1.0,0.0,7,0,0.0
B,0.0,16,jump,1004,train,9,0.4212197710468893,0.4212197710468893,1.0,0.4212197710468893,1.114442761493634,3.3697581683751143,0.0,7.702304384857404,26.958065347000915,nan,0.0,1.0,1.0,0.0,7,0,0.0
B,0.0,16,jump,1005,test,9,0.4782636246438346,0.4782636246438346,1.0,0.4782636246438346,1.2653666119359286,3.8261089971506768,0.0,8.745391993487262,30.608871977205414,nan,0.0,1.0,1.0,0.0,7,0,0.0
B,0.0,16,jump,1006,test,9,0.45519379721238606,0.45519379721238606,1.0,0.45519379721238606,1.2043295857631398,3.6415503776990885,0.0,8.32354372045506,29.132403021592708,nan,0.0,1.0,1.0,0.0,7,0,0.0
B,0.0,16,jump,1007,test,9,0.4577787177498375,0.4577787177498375,1.0,0.4577787177498375,1.2111686426640997,3.6622297419987,0.0,8.370810838854172,29.2978379359896,nan,0.0,1.0,1.0,0.0,7,0,0.0
B,0.0,16,jump,1008,test,9,0.42747865856870626,0.42747865856870626,1.0,0.42747865856870626,1.1310022213602873,3.41982926854965,0.0,7.816752613827772,27.3586341483972,nan,0.0,1.0,1.0,0.0,7,0,0.0
B,0.0,16,jump,1009,test,9,0.45909563302876105,0.45909563302876105,1.0,0.45909563302876105,1.214652872989873,3.6727650642300884,0.0,8.39489157538306,29.382120513840707,nan,0.0,1.0,1.0,0.0,7,0,0.0
B,0.0,16,jump,1010,test,9,0.47510505406746084,0.47510505406746084,1.0,0.47510505406746084,1.2570098196923978,3.8008404325396867,0.0,8.687635274376428,30.406723460317494,nan,0.0,1.0,1.0,0.0,7,0,0.0
B,0.0,16,jump,1011,test,9,0.4484814216314977,0.4484814216314977,1.0,0.4484814216314977,1.1865703092696465,3.5878513730519814,0.0,8.20080313840453,28.70281098441585,nan,0.0,1.0,1.0,0.0,7,0,0.0
B,0.0,16,jump,1012,test,9,0.42356017133916635,0.42356017133916635,1.0,0.42356017133916635,1.1206348786353422,3.3884813707133308,0.0,7.745100275916185,27.107850965706646,nan,0.0,1.0,1.0,0.0,7,0,0.0
B,0.0,16,jump,1013,test,9,0.4454466490336795,0.4454466490336795,1.0,0.4454466490336795,1.1785410556901859,3.563573192269436,0.0,8.145310153758711,28.508585538155486,nan,0.0,1.0,1.0,0.0,7,0,0.0
B,0.0,16,jump,1014,test,9,0.46620416876422577,0.46620416876422577,1.0,0.46620416876422577,1.233460290731728,3.729633350113806,0.0,8.524876228831557,29.83706680091045,nan,0.0,1.0,1.0,0.0,7,0,0.0
B,0.05,8,return,1000,train,17,1.6450816756302782,0.032148072852794723,0.01954193115699126,1.6450816756302782,1.624127297594689,5.039183652355673,0.035695754506464776,20.000580270629463,54.90214170665075,-0.04133943846783305,1.0,1.0,1.0,0.2,15,15,0.054708738634047294
B,0.05,8,return,1001,train,17,1.851017937812724,0.03933830827625641,0.021252256648977133,1.851017937812724,1.719018277490183,5.472974329440677,0.07051766923012343,19.92684096319863,51.050203252180566,0.2791080107734095,1.0,1.0,1.0,0.26666666666666666,15,15,0.054708738634047294
B,0.05,8,return,1002,train,17,1.6919087438292577,0.041079197807482565,0.02427979520603988,1.6919087438292577,1.6146227005658471,5.7826212285614105,0.34529761589000374,19.699055418618272,52.87676625391748,-0.03202379055528369,1.0,1.0,1.0,0.2,15,15,0.054708738634047294
B,0.05,8,return,1003,train,17,1.62220985527938,0.030107953613411342,0.018559838923075767,1.62220985527938,1.4370579587531407,5.020591000860241,0.07374145676699276,19.07422317974149,60.118603689587076,0.03920277034957061,1.0,1.0,0.0,0.13333333333333333,15,15,0.054708738634047294
B,0.05,8,return,1004,train,17,1.6160644911832733,0.023147838225077932,0.01432358569312368,1.6160644911832733,1.6998774498061011,5.730816420549466,-0.027021148841995312,20.088202383612817,61.674725683596066,0.05909860889088091,1.0,1.0,0.0,0.26666666666666666,15,15,0.054708738634047294
B,0.05,8,return,1005,test,17,1.69112200300924,0.039415118918790876,0.02330708183599662,1.69112200300924,1.5063227631565825,4.7981765189209575,0.04674413360607162,17.022895839912923,63.014784600478336,0.22653059369229941,1.0,1.0,1.0,0.2,15,15,0.054708738634047294
B,0.05,8,return,1006,test,17,1.6762996507020465,0.02575630992676453,0.015364979594177928,1.6762996507020465,1.8770553830886898,6.03317412317606,0.31921807274064,24.646899638244385,74.24477066759687,0.1662109240344019,1.0,1.0,1.0,0.2,15,15,0.054708738634047294
B,0.05,8,return,1007,test,17,1.4545100655455792,0.03712826812841041,0.02552630539169476,1.4545100655455792,1.5942362408355835,5.274491288386817,-0.1089729175215955,22.05340588116929,78.19604567125299,0.13270710655794818,1.0,1.0,0.0,0.13333333333333333,15,15,0.054708738634047294
B,0.05,8,return,1008,test,17,1.4603091272452242,0.027836719619372396,0.019062210253992257,1.4603091272452242,1.4712230785457512,5.108795080848395,0.12947497731798527,18.87423491115309,64.84142520583698,0.08762924296947619,1.0,1.0,0.0,0.2,15,15,0.054708738634047294
B,0.05,8,return,1009,test,17,1.722061978728618,0.03268880392708995,0.018982362035089923,1.722061978728618,1.7081281520455813,5.85721802746151,-0.06691724584664757,23.05736979784121,65.61564400229364,0.07573604820337869,1.0,1.0,1.0,0.2,15,15,0.054708738634047294
B,0.05,8,return,1010,test,17,1.5770957141647863,0.03797612492294325,0.02407978449364756,1.5770957141647863,1.4590046806631531,4.42950241455572,0.026865007464263138,16.2342989914324,55.621932125920324,0.15858421128632083,1.0,1.0,0.0,0.2,15,15,0.054708738634047294
B,0.05,8,return,1011,test,17,1.5403072989980824,0.021398213241069462,0.013892171552383264,1.5403072989980824,1.7304575976765568,5.8954173330658275,0.08894332897856477,21.13128886864249,65.21542767068107,0.17442601495334167,1.0,1.0,0.0,0.2,15,15,0.054708738634047294
B,0.05,8,return,1012,test,17,1.7446244485781408,0.04461499354153953,0.025572835218433686,1.7446244485781408,1.67796814220899,5.791763341562307,-0.4698955091891281,20.28172424583834,72.18385539762068,0.15491885787948229,1.0,1.0,1.0,0.2,15,15,0.054708738634047294
B,0.05,8,return,1013,test,17,1.5716672042854214,0.03203278556453007,0.020381404840151378,1.5716672042854214,1.6847961319831284,5.382034477540897,-0.21539580493263835,20.22950245246834,56.11315305984662,0.08706675540527055,1.0,1.0,0.0,0.2,15,15,0.054708738634047294
B,0.05,8,return,1014,test,17,1.73494360939787,0.03219678071531509,0.0185578254768115,1.73494360939787,1.8394561791386712,6.2215962490422125,-0.017882602882477745,22.855323208786263,86.9770293544574,0.1429733554274923,1.0,1.0,1.0,0.13333333333333333,15,15,0.054708738634047294
B,0.05,8,ramp,1000,train,17,1.1475114653699627,0.43599576179111904,0.3799489372862624,1.1475114653699627,1.0251483804535642,4.06443439076724,-0.3694728890486771,11.107907677726113,31.06987621273163,0.14620464714150846,1.0,1.0,0.0,0.13333333333333333,15,15,0.054708738634047294
B,0.05,8,ramp,1001,train,17,1.2313209932109377,0.44080283166785517,0.3579918105013103,1.2313209932109377,1.106952338211509,4.226060321978257,0.9228670334292507,13.558657888466199,52.5584526215204,0.2217576560146567,1.0,1.0,0.0,0.06666666666666667,15,15,0.054708738634047294
B,0.05,8,ramp,1002,train,17,1.1352505811271696,0.4268710389790922,0.37601481653086644,1.1352505811271696,1.1358275068652746,4.628029273870249,0.30350009037827236,10.139608261498259,40.51711028036567,0.3008361434115579,1.0,1.0,0.0,0.13333333333333333,15,15,0.054708738634047294
B,0.05,8,ramp,1003,train,17,1.142720506002957,0.45122848282274025,0.39487213229511486,1.142720506002957,1.1610946410935445,3.711442938077335,-0.19174121909602823,8.181985403734318,48.750665684836925,0.08921650730242815,1.0,1.0,0.0,0.13333333333333333,15,15,0.054708738634047294
B,0.05,8,ramp,1004,train,17,1.2696873335620646,0.4093275726353761,0.32238454445869086,1.2696873335620646,1.0319158731311868,3.595323145003629,-0.014020538516677068,10.29469296603382,34.91522288538076,0.30614048970604324,1.0,1.0,0.0,0.2,15,15,0.054708738634047294
B,0.05,8,ramp,1005,test,17,1.1971573235706021,0.45291711178298943,0.3783271445327952,1.1971573235706021,0.9752040651071963,4.120522657239569,-0.3977914607432407,9.867627745147054,27.271486016306326,-0.013302773831883956,1.0,1.0,0.0,0.13333333333333333,15,15,0.054708738634047294
B,0.05,8,ramp,1006,test,17,1.2673713730619944,0.4452524931871736,0.35131967050150004,1.2673713730619944,1.0744853115766393,4.1583202127117715,1.302985376136958,12.680680191166212,37.76503922782044,0.32341337392537023,1.0,1.0,0.0,0.13333333333333333,15,15,0.054708738634047294
B,0.05,8,ramp,1007,test,17,1.142340805157743,0.44437739014754385,0.3890059675196325,1.142340805157743,1.0377001409452915,3.95210866144647,0.28410073234319383,8.281156684350082,34.237225648130035,0.14861353537097816,1.0,1.0,0.0,0.2,15,15,0.054708738634047294
B,0.05,8,ramp,1008,test,17,1.1777304103972983,0.42529973033622814,0.36111806792248535,1.1777304103972983,1.0306981786023708,4.212472690033875,0.04830226699934605,9.280535024048937,37.49336887828396,0.19263666952718664,1.0,1.0,0.0,0.13333333333333333,15,15,0.054708738634047294
B,0.05,8,ramp,1009,test,17,1.1187511965467527,0.4194995329671971,0.37497124853324454,1.1187511965467527,1.1183300434638588,4.941683876219321,0.18877055992590452,12.180803200620362,55.25190011602592,0.18353642736078163,1.0,1.0,0.0,0.06666666666666667,15,15,0.054708738634047294
B,0.05,8,ramp,1010,test,17,1.2746866444900389,0.4299358837340373,0.3372875095165375,1.2746866444900389,0.9552207315211809,3.534149515581321,-0.2453654692383949,9.996656048354422,24.959104619144185,0.21346623144398136,1.0,1.0,0.0,0.2,15,15,0.054708738634047294
B,0.05,8,ramp,1011,test,17,1.1378985836152964,0.4828844756499783,0.4243651258583806,1.1378985836152964,0.9462754134305755,3.463940822016803,0.47563964263502406,9.406971201401072,27.70567798383819,-0.07071143652219386,1.0,1.0,0.0,0.2,15,15,0.054708738634047294
B,0.05,8,ramp,1012,test,17,1.1572232517362895,0.46174567829690905,0.3990117530079949,1.1572232517362895,1.0244093561537084,4.2334143603462735,0.01628817381816674,12.81006090783007,38.477583628154605,0.21784884721876016,1.0,1.0,0.0,0.2,15,15,0.054708738634047294
B,0.05,8,ramp,1013,test,17,1.1912949170239222,0.42861926422344304,0.35979274157755514,1.1912949170239222,0.9447310515970392,3.962512008117529,0.18636511405994974,9.215700838116655,43.89101683956875,0.25987377606454787,1.0,1.0,0.0,0.13333333333333333,15,15,0.054708738634047294
B,0.05,8,ramp,1014,test,17,1.3119029188363558,0.4266322701934161,0.32520109839517275,1.3119029188363558,0.9360286450102159,3.632843661674122,0.7895157976558878,11.390809800894308,35.323585677830636,0.12083772555533703,1.0,1.0,0.0,0.13333333333333333,15,15,0.054708738634047294
B,0.05,8,jump,1000,train,17,1.246907905865308,0.4226714502280034,0.3389756759419093,1.246907905865308,1.6659527628916202,7.4257903107108225,0.005007004616110559,17.016949411513615,111.16167493484082,0.632708225124775,1.0,1.0,0.0,0.06666666666666667,15,15,0.054708738634047294
B,0.05,8,jump,1001,train,17,1.0161731196325066,0.4324764736711536,0.42559330227860814,1.0161731196325066,1.5515818878018548,6.955211451584254,0.36957065444757725,17.114252245817358,102.16389395557593,0.40638969977478845,1.0,1.0,0.0,0.0,15,15,0.054708738634047294
B,0.05,8,jump,1002,train,17,1.195159460328841,0.47413349750623224,0.39671149603399136,1.195159460328841,1.5299534654530136,7.049643332740745,0.4446443858210813,16.6470880731174,99.51982066146155,0.5558680106132488,1.0,1.0,0.0,0.0,15,15,0.054708738634047294
B,0.05,8,jump,1003,train,17,1.0243276999781123,0.43271495171722757,0.4224380066325198,1.0243276999781123,1.5892338874053293,7.083003743786538,0.16886858601563734,17.55953894064553,106.49777014740818,0.3850700090265067,1.0,1.0,0.0,0.0,15,15,0.054708738634047294
B,0.05,8,jump,1004,train,17,1.0592019140752762,0.4278756738347914,0.4039604424321148,1.0592019140752762,1.468301046561502,6.620084471892479,-0.13630189458143865,15.791198861454392,98.97116601703321,0.544873484374588,1.0,1.0,0.0,0.0,15,15,0.054708738634047294
B,0.05,8,jump,1005,test,17,1.1581044357158818,0.48603055318043364,0.4196776544422732,1.1581044357158818,1.7306864800777297,7.760197377482977,0.6131702335146954,19.867355796849846,118.31193544156113,0.471983765660849,1.0,1.0,0.0,0.0,15,15,0.054708738634047294
B,0.05,8,jump,1006,test,17,1.0127999049007568,0.4480459947233791,0.4423835276399267,1.0127999049007568,1.515626153649555,6.858426592968037,0.029993855312535327,15.946967761962593,100.61361206167643,0.38222615486340233,1.0,1.0,0.0,0.0,15,15,0.054708738634047294
B,0.05,8,jump,1007,test,17,1.1210412033608381,0.4263951389706382,0.3803563488053089,1.1210412033608381,1.6923190932114818,7.615464982788423,0.4462845562750687,17.463257920678796,116.54882413592756,0.3268331415729202,1.0,1.0,0.0,0.0,15,15,0.054708738634047294
B,0.05,8,jump,1008,test,17,1.0822993746434455,0.39072215354907097,0.3610111607777572,1.0822993746434455,1.5306936386591974,6.940805748386579,0.8566919283266112,14.792238666424902,100.55298642953849,0.3218009334683273,1.0,1.0,0.0,0.0,15,15,0.054708738634047294
B,0.05,8,jump,1009,test,17,0.9787386655958361,0.4468959603145689,0.45660397001124686,0.9787386655958361,1.5981251438347281,7.112192097155061,0.4113828548762328,17.28249702329118,109.13323436698109,0.5098894014002089,1.0,1.0,0.0,0.0,15,15,0.054708738634047294
B,0.05,8,jump,1010,test,17,1.0735608110740453,0.4595719343584382,0.428081883781375,1.0735608110740453,1.7608085617224842,7.797507516737149,-0.09542862664373063,18.782058088734523,117.51261652294534,0.4358779783729076,1.0,1.0,0.0,0.0,15,15,0.054708738634047294
B,0.05,8,jump,1011,test,17,1.1647323712541882,0.46283294627016813,0.39737278510752466,1.1647323712541882,1.5528015724799826,7.00342079935726,0.025506902364225207,18.55906268746171,106.30657516206276,0.430437982472283,1.0,1.0,0.0,0.0,15,15,0.054708738634047294
B,0.05,8,jump,1012,test,17,1.0722998485782669,0.4077182919229566,0.3802278741935282,1.0722998485782669,1.5701140784068817,7.1092842146990085,0.17723047264466357,15.61519847725432,101.32325939122578,0.3197466887508943,1.0,1.0,0.0,0.0,15,15,0.054708738634047294
B,0.05,8,jump,1013,test,17,1.0034754401755086,0.4572297586433182,0.4556461875771951,1.0034754401755086,1.6047926996277244,7.182573384136986,0.2516142361519079,15.622470160418638,106.91873394566517,0.5738248497435025,1.0,1.0,0.0,0.0,15,15,0.054708738634047294
B,0.05,8,jump,1014,test,17,0.9343946809097776,0.44884621262937374,0.4803604106482633,0.9343946809097776,1.7145557530927467,7.538561681268909,0.42460658810478125,17.270599610774294,115.42727991556342,0.5463112070537245,1.0,1.0,0.0,0.0,15,15,0.054708738634047294
B,0.05,16,return,1000,train,9,1.259038261404462,0.032148072852794723,0.025533833115550776,1.259038261404462,1.1603565627697057,3.308701768570047,-0.014988726467036908,13.011425811719418,22.533658878085333,0.07047585458845107,1.0,1.0,1.0,0.2857142857142857,7,7,0.054708738634047294
B,0.05,16,return,1001,train,9,1.2273005768480707,0.03933830827625641,0.03205270902526933,1.2273005768480707,1.1363080628723563,3.193124638547128,-0.048721605557940695,11.988007191930539,21.273705883891942,-0.011309200203669047,1.0,1.0,1.0,0.2857142857142857,7,7,0.054708738634047294
B,0.05,16,return,1002,train,9,1.3215809445173652,0.041079197807482565,0.031083376298592504,1.3215809445173652,1.2305337464711894,3.4943134739875967,0.33965639848903556,12.178657053091857,26.049141758746792,-0.03735248259205577,1.0,1.0,1.0,0.42857142857142855,7,7,0.054708738634047294
B,0.05,16,return,1003,train,9,1.2554282514858706,0.030107953613411342,0.023982217683708226,1.2554282514858706,1.1206235265279914,3.253367407652554,-0.174110104112843,12.07566011304723,20.25980901323037,0.19755888779351546,1.0,1.0,1.0,0.14285714285714285,7,7,0.054708738634047294
B,0.05,16,return,1004,train,9,1.1754696681507846,0.023147838225077932,0.019692416446179722,1.1754696681507846,1.1138927785797696,3.0943662810904455,-0.16006892206523413,10.199798626666436,23.43392211922639,0.06506536222661573,1.0,1.0,1.0,0.42857142857142855,7,7,0.054708738634047294
B,0.05,16,return,1005,test,9,1.2026276257655488,0.039415118918790876,0.03277416722711708,1.2026276257655488,1.1859786544756312,3.2579126366907505,-0.05392535650877761,11.12916765043489,22.99841701129977,0.33450346896351946,1.0,1.0,1.0,0.14285714285714285,7,7,0.054708738634047294
B,0.05,16,return,1006,test,9,1.153324138335817,0.02575630992676453,0.02233223867483556,1.153324138335817,1.1353174512561692,3.01658706158803,0.18800286408237296,11.18606190649258,22.8822210375626,0.11257798345626449,1.0,1.0,1.0,0.42857142857142855,7,7,0.054708738634047294
B,0.05,16,return,1007,test,9,1.152945076253021,0.03712826812841041,0.032202980777778514,1.152945076253021,1.2005883443374852,3.4069448922376746,-0.10248432032551087,13.200649697108002,24.547872183353743,0.18709385563467149,1.0,1.0,1.0,0.2857142857142857,7,7,0.054708738634047294
B,0.05,16,return,1008,test,9,1.1649904715525663,0.027836719619372396,0.023894375361091832,1.1649904715525663,0.9593894686102643,2.5543975404241976,-0.0683252925565735,6.785245575447355,19.03238373625912,0.26097426078390756,1.0,1.0,1.0,0.42857142857142855,7,7,0.054708738634047294
B,0.05,16,return,1009,test,9,1.2117651827159182,0.03268880392708995,0.026976186800337698,1.2117651827159182,1.2334275012028098,3.3517136396333296,0.014535915569644129,13.577830415689343,23.74731937855995,0.20817519991773253,1.0,1.0,1.0,0.14285714285714285,7,7,0.054708738634047294
B,0.05,16,return,1010,test,9,1.2220997842621266,0.03797612492294325,0.03107448787078568,1.2220997842621266,1.1770531703170564,3.1093735757022447,-0.13690576244627753,12.963288207086375,22.601703414446384,0.01182726058207705,1.0,1.0,1.0,0.14285714285714285,7,7,0.054708738634047294
B,0.05,16,return,1011,test,9,1.1571006221356102,0.021398213241069462,0.018492958029506297,1.1571006221356102,1.115171660476072,2.9477086665329137,0.0733569188664249,10.252005929495947,22.40841278712051,0.1525315992975192,1.0,1.0,1.0,0.14285714285714285,7,7,0.054708738634047294
B,0.05,16,return,1012,test,9,1.3073565881521256,0.04461499354153953,0.03412610908596888,1.3073565881521256,1.229469472459392,3.4461520412272892,-0.06041020934202417,13.071333625983872,23.794829503057077,0.005853467048464039,1.0,1.0,1.0,0.2857142857142857,7,7,0.054708738634047294
B,0.05,16,return,1013,test,9,1.0861454438437046,0.03203278556453007,0.029492169530418395,1.0861454438437046,1.17045684213263,3.0350883181488024,-0.013089708053796707,11.994346504093683,22.731802209057093,-0.15522530614223404,1.0,1.0,1.0,0.14285714285714285,7,7,0.054708738634047294
B,0.05,16,return,1014,test,9,1.130450948712912,0.03219678071531509,0.028481360250060483,1.130450948712912,1.346082379423566,3.591873083239935,-0.13416729357516882,14.565885098937002,26.26893069881208,-0.02545030731622661,1.0,1.0,1.0,0.0,7,7,0.054708738634047294
B,0.05,16,ramp,1000,train,9,0.7852697680923058,0.43599576179111904,0.5552178111355348,0.7852697680923058,0.7306253158037882,2.03221719538362,0.07361212802343735,4.339423655868716,15.015034644674696,0.07115954180880499,1.0,1.0,1.0,0.2857142857142857,7,7,0.054708738634047294
B,0.05,16,ramp,1001,train,9,0.9009357828881654,0.44080283166785517,0.48927219901817653,0.9009357828881654,0.8426897221978062,2.5836086775557443,-0.03824129840925851,5.53568452864029,12.940435941888822,0.2486169197213015,1.0,1.0,1.0,0.2857142857142857,7,7,0.054708738634047294
B,0.05,16,ramp,1002,train,9,0.7814036213442767,0.4268710389790922,0.5462875104734358,0.7814036213442767,0.8168384759406974,2.7565140869744686,0.2958335388677997,6.080882625121915,13.70541486137654,0.1401591864249933,1.0,1.0,1.0,0.2857142857142857,7,7,0.054708738634047294
B,0.05,16,ramp,1003,train,9,0.7880338504602493,0.45122848282274025,0.572600380756742,0.7880338504602493,0.8524374911289136,2.3283084264037193,-0.07742614287979104,5.065474950352344,15.614009367766684,0.06774753699159305,1.0,1.0,1.0,0.14285714285714285,7,7,0.054708738634047294
B,0.05,16,ramp,1004,train,9,0.744210316973741,0.4093275726353761,0.5500159878189635,0.744210316973741,0.7162216751651437,2.5404529955270965,0.37374025729926175,5.8689939329714695,14.671137105547444,-0.17379455901980906,1.0,1.0,0.0,0.0,7,7,0.054708738634047294
B,0.05,16,ramp,1005,test,9,0.9357876925941644,0.45291711178298943,0.4839955850748852,0.9357876925941644,0.8270601118014201,2.912809925876465,0.12865214784701706,6.5340716132767955,13.638260282130027,0.3142821934962324,1.0,1.0,1.0,0.2857142857142857,7,7,0.054708738634047294
B,0.05,16,ramp,1006,test,9,0.8470344411986295,0.4452524931871736,0.5256604354329459,0.8470344411986295,0.9262426274663389,3.032943490532626,0.15039971112113346,6.538676433971962,15.52067416457686,0.11800549193990041,1.0,1.0,1.0,0.2857142857142857,7,7,0.054708738634047294
B,0.05,16,ramp,1007,test,9,0.7914826964906734,0.44437739014754385,0.5614492800889429,0.7914826964906734,0.8437269703950349,2.712742135415601,0.026496892626494444,5.830147248099686,14.452808849571436,0.068670013170033,1.0,1.0,1.0,0.2857142857142857,7,7,0.054708738634047294
B,0.05,16,ramp,1008,test,9,0.8901106070514426,0.42529973033622814,0.47780548503411846,0.8901106070514426,0.8898620070989671,2.844928813535616,0.16828743350909983,6.077105041906888,12.732612937938185,0.2890916944358372,1.0,1.0,1.0,0.2857142857142857,7,7,0.054708738634047294
B,0.05,16,ramp,1009,test,9,0.8026435212209208,0.4194995329671971,0.5226473794108324,0.8026435212209208,0.9494641026870497,3.111888256185176,0.27910371089409197,6.651417366861199,21.7744643617523,0.11981453070403773,1.0,1.0,1.0,0.14285714285714285,7,7,0.054708738634047294
B,0.05,16,ramp,1010,test,9,0.8826748121085224,0.4299358837340373,0.48708298666301797,0.8826748121085224,0.8354240173028381,2.367833678820523,0.17303998678210825,5.368511861338001,15.983484701918496,0.17076898138106503,1.0,1.0,1.0,0.14285714285714285,7,7,0.054708738634047294
B,0.05,16,ramp,1011,test,9,0.8844518211226275,0.4828844756499783,0.5459703560076985,0.8844518211226275,0.7833980658913466,2.548847570074608,0.291435780527547,5.743668047688563,12.93222624313873,0.22622687571681718,1.0,1.0,1.0,0.2857142857142857,7,7,0.054708738634047294
B,0.05,16,ramp,1012,test,9,0.8724132541184411,0.46174567829690905,0.5292740293858732,0.8724132541184411,0.7655717266980023,2.2740503204593456,0.08500211816219215,5.164847081890019,12.501167052750866,0.2779390663643828,1.0,1.0,1.0,0.2857142857142857,7,7,0.054708738634047294
B,0.05,16,ramp,1013,test,9,0.8333071304879907,0.42861926422344304,0.5143592902804522,0.8333071304879907,0.8242254448153786,2.3612483172189074,0.29290758106623377,5.135515659244164,14.660645333065077,0.04030210164138513,1.0,1.0,1.0,0.2857142857142857,7,7,0.054708738634047294
B,0.05,16,ramp,1014,test,9,0.9597965150764494,0.4266322701934161,0.4445028331442047,0.9597965150764494,0.6550580416428673,2.142902938343871,0.11313344235098224,5.752436396865731,11.719725681733127,0.1682826404319444,1.0,1.0,1.0,0.2857142857142857,7,7,0.054708738634047294
B,0.05,16,jump,1000,train,9,0.6307013794868148,0.4226714502280034,0.6701609731247458,0.6307013794868148,0.9623142720863762,3.1689709769295735,-0.07512835267596721,7.051469332524694,22.882863563911073,0.1488423905590507,1.0,1.0,0.0,0.0,7,7,0.054708738634047294
B,0.05,16,jump,1001,train,9,0.7556898118974844,0.4324764736711536,0.5722936406741218,0.7556898118974844,1.0799699321573728,3.574126165932501,0.08162589679143581,8.089363503264023,26.914253653760632,0.21576567445756092,1.0,1.0,0.0,0.0,7,7,0.054708738634047294
B,0.05,16,jump,1002,train,9,0.7512916960999055,0.47413349750623224,0.631091092803963,0.7512916960999055,1.1427539597015,3.753158918774443,0.23406723965459467,8.342095934369299,28.81016570203222,0.17025991810449778,1.0,1.0,0.0,0.0,7,7,0.054708738634047294
B,0.05,16,jump,1003,train,9,0.689779180400591,0.43271495171722757,0.6273238798914273,0.689779180400591,1.0353821206455862,3.412613540490402,0.10966801583841725,7.959822375327617,26.075497778284877,0.24497438616635467,1.0,1.0,0.0,0.0,7,7,0.054708738634047294
B,0.05,16,jump,1004,train,9,0.6001643362822968,0.4278756738347914,0.7129308557140478,0.6001643362822968,1.0265179425992728,3.3100422359462396,0.056919375175005955,7.180831281732388,24.611370673973596,0.3292222644094647,1.0,1.0,0.0,0.0,7,7,0.054708738634047294
B,0.05,16,jump,1005,test,9,0.7769566986498972,0.48603055318043364,0.6255568090538374,0.7769566986498972,1.183101365761239,3.8800986887414886,-0.10669914740902975,8.777040777161853,29.437929006149023,0.2773378790361411,1.0,1.0,1.0,0.0,7,7,0.054708738634047294
B,0.05,16,jump,1006,test,9,0.6949634234469451,0.4480459947233791,0.644704425595693,0.6949634234469451,1.1038454688601629,3.6131268396919576,0.03637828822642865,8.09393649166341,26.861349894911424,0.3944195140621932,1.0,1.0,0.0,0.0,7,7,0.054708738634047294
B,0.05,16,jump,1007,test,9,0.6839683875639293,0.4263951389706382,0.6234135184073603,0.6839683875639293,1.1775182214392816,3.796365042886894,-0.06892879798373334,8.610818355718873,29.150286636332147,-0.014585406291025766,1.0,1.0,0.0,0.0,7,7,0.054708738634047294
B,0.05,16,jump,1008,test,9,0.7700196469787142,0.39072215354907097,0.5074184211820141,0.7700196469787142,1.0377801442730101,3.4704028741932893,0.6101552170861052,7.766014722243164,26.338505424623555,0.4292226541736021,1.0,1.0,1.0,0.0,7,7,0.054708738634047294
B,0.05,16,jump,1009,test,9,0.66065927263591,0.4468959603145689,0.6764393974696451,0.66065927263591,1.037323192090921,3.399218709283779,0.16139532421200617,7.250547324660439,25.354534391396033,0.3855141050301622,1.0,1.0,0.0,0.0,7,7,0.054708738634047294
B,0.05,16,jump,1010,test,9,0.7904827067784296,0.4595719343584382,0.5813813893935761,0.7904827067784296,1.19787005995811,3.9391693987498915,-0.10667118698687997,9.39477210436365,29.9968207555259,0.31063027181498554,1.0,1.0,1.0,0.0,7,7,0.054708738634047294
B,0.05,16,jump,1011,test,9,0.7930270458842907,0.46283294627016813,0.5836281986499857,0.7930270458842907,1.0387161102769018,3.50171039967863,0.036438336970268735,8.44936775877664,25.676007256084453,0.2219459950844947,1.0,1.0,1.0,0.0,7,7,0.054708738634047294
B,0.05,16,jump,1012,test,9,0.722187653278102,0.4077182919229566,0.5645600420780821,0.722187653278102,1.022547827581122,3.3771558668344888,0.2397004177735604,7.991840275976565,25.349617946042066,0.5944496534927575,1.0,1.0,0.0,0.0,7,7,0.054708738634047294
B,0.05,16,jump,1013,test,9,0.643823737282623,0.4572297586433182,0.7101784730291879,0.643823737282623,1.066547834914463,3.461925691490572,0.10966312477705539,7.717065917508426,26.012812158552766,0.27369246025797006,1.0,1.0,0.0,0.0,7,7,0.054708738634047294
B,0.05,16,jump,1014,test,9,0.6449426594159564,0.44884621262937374,0.6959474707966091,0.6449426594159564,1.0967028777724228,3.544977570067482,0.14390580941914152,7.780614497464348,26.608589235558405,0.3859571852099153,1.0,1.0,0.0,0.0,7,7,0.054708738634047294
