family,seed,sigma,warp,L_master,L_resampled,L_resampled_over_master,R_master,R_resampled,eta_master,eta_resampled,n_master_states,n_resampled_states,n_duplicate_frames_dropped,n_preserved_angle_triples,max_preserved_angle_deviation,fresh_step_checks,fresh_step_max_deviation,fresh_step_all_exact,exact_same_states_invariance,exact_resampled_shortcut_checks,kept_z_first,kept_z_last
A,1000,0.0,u_pow_1p5,2.30155980419509,2.153901717453894,0.935844340663207,0.47022913864666177,0.47022913864666177,0.20430889425057194,0.21831503955645434,129,110,19,70,0.0,22,0.0,true,true,true,0.5,3.0
A,1000,0.0,piecewise_fast_slow,2.30155980419509,2.0188033529643823,0.877145729293967,0.47022913864666177,0.47022913864666177,0.20430889425057194,0.23292468677357006,129,97,32,63,0.0,22,0.0,true,true,true,0.5,3.0
A,1001,0.0,u_pow_1p5,2.3027478748095107,2.253226256906924,0.9784945549426755,0.49008660229069445,0.49008660229069445,0.21282686118263627,0.21750438988912374,129,110,19,70,0.0,22,0.0,true,true,true,0.5,3.0
A,1001,0.0,piecewise_fast_slow,2.3027478748095107,1.923293790686603,0.8352168345158946,0.49008660229069445,0.49008660229069445,0.21282686118263627,0.25481629726248783,129,97,32,63,0.0,22,0.0,true,true,true,0.5,3.0
A,1002,0.0,u_pow_1p5,2.0032083195049357,1.9461972898369357,0.9715401393290491,0.49326905924692094,0.49326905924692094,0.2462395220926525,0.2534527521042073,129,110,19,70,0.0,22,0.0,true,true,true,0.5,3.0
A,1002,0.0,piecewise_fast_slow,2.0032083195049357,1.7732455385247148,0.8852027626177925,0.49326905924692094,0.49326905924692094,0.2462395220926525,0.27817301582346315,129,97,32,63,0.0,22,0.0,true,true,true,0.5,3.0
A,1003,0.0,u_pow_1p5,1.932895737536963,1.8388717567086148,0.9513558962325819,0.4539464732765409,0.4539464732765409,0.23485305723473354,0.2468614092420762,129,110,19,70,0.0,22,0.0,true,true,true,0.5,3.0
A,1003,0.0,piecewise_fast_slow,1.932895737536963,1.5962427073636831,0.8258297001563738,0.4539464732765409,0.4539464732765409,0.23485305723473354,0.2843843678548535,129,97,32,63,0.0,22,0.0,true,true,true,0.5,3.0
A,1004,0.0,u_pow_1p5,2.1296671622463617,2.0773327218662967,0.9754260002183333,0.568923948365922,0.568923948365922,0.26714218937658973,0.27387232790267463,129,110,19,70,0.0,22,0.0,true,true,true,0.5,3.0
A,1004,0.0,piecewise_fast_slow,2.1296671622463617,1.7264918066142234,0.8106862129541074,0.568923948365922,0.568923948365922,0.26714218937658973,0.329526005386393,129,97,32,63,0.0,22,0.0,true,true,true,0.5,3.0
A,1005,0.0,u_pow_1p5,2.230181676013566,2.1696248989471307,0.972846706742439,0.40330345359356884,0.40330345359356884,0.18083883386328908,0.1858862579376199,129,110,19,70,0.0,22,0.0,true,true,true,0.5,3.0
A,1005,0.0,piecewise_fast_slow,2.230181676013566,1.8879013935600995,0.8465235876813004,0.40330345359356884,0.40330345359356884,0.18083883386328908,0.21362527458758934,129,97,32,63,0.0,22,0.0,true,true,true,0.5,3.0
A,1006,0.0,u_pow_1p5,2.286144865159436,2.2542554646985566,0.9860510149873397,0.597835774007307,0.597835774007307,0.2615038894158678,0.2652032049469827,129,110,19,70,0.0,22,0.0,true,true,true,0.5,3.0
A,1006,0.0,piecewise_fast_slow,2.286144865159436,1.9845915197610875,0.8680952594063552,0.597835774007307,0.597835774007307,0.2615038894158678,0.30123870229944183,129,97,32,63,0.0,22,0.0,true,true,true,0.5,3.0
A,1007,0.0,u_pow_1p5,2.07023310697378,2.0056872388812623,0.9688219322379259,0.4269282173872763,0.4269282173872763,0.20622229252789331,0.21285881921720232,129,110,19,70,0.0,22,0.0,true,true,true,0.5,3.0
A,1007,0.0,piecewise_fast_slow,2.07023310697378,1.7742014311372087,0.8570056314724366,0.4269282173872763,0.4269282173872763,0.20622229252789331,0.2406311988563939,129,97,32,63,0.0,22,0.0,true,true,true,0.5,3.0
A,1008,0.0,u_pow_1p5,2.2980782614241093,2.207103295360357,0.9604125901232905,0.4309354903383318,0.4309354903383318,0.1875199367976628,0.19524935296151252,129,110,19,70,0.0,22,0.0,true,true,true,0.5,3.0
A,1008,0.0,piecewise_fast_slow,2.2980782614241093,2.094560413667327,0.9114399839321995,0.4309354903383318,0.4309354903383318,0.1875199367976628,0.20574030117556497,129,97,32,63,0.0,22,0.0,true,true,true,0.5,3.0
A,1009,0.0,u_pow_1p5,1.9567442538322228,1.8945620094426845,0.968221578130225,0.4267029075390723,0.4267029075390723,0.21806779639362064,0.22522509446106426,129,110,19,70,0.0,22,0.0,true,true,true,0.5,3.0
A,1009,0.0,piecewise_fast_slow,1.9567442538322228,1.5953271656894026,0.8152967167605086,0.4267029075390723,0.4267029075390723,0.21806779639362064,0.26747047045655836,129,97,32,63,0.0,22,0.0,true,true,true,0.5,3.0
A,1000,0.05,u_pow_1p5,5.946622783814102,4.847890805327558,0.8152342903812323,0.425557569984128,0.425557569984128,0.07156289972561196,0.08778200398335381,129,110,19,70,0.0,22,0.0,true,true,true,0.5,3.0
A,1000,0.05,piecewise_fast_slow,5.946622783814102,4.815928749746186,0.809859465586835,0.425557569984128,0.425557569984128,0.07156289972561196,0.08836459011287412,129,97,32,63,0.0,22,0.0,true,true,true,0.5,3.0
A,1001,0.05,u_pow_1p5,6.45905819801928,5.4017183911452715,0.8363012416890361,0.48932485545249815,0.48932485545249815,0.0757579263804363,0.09058688736062591,129,110,19,70,0.0,22,0.0,true,true,true,0.5,3.0
A,1001,0.05,piecewise_fast_slow,6.45905819801928,5.122368671083553,0.7930519456620421,0.48932485545249815,0.48932485545249815,0.0757579263804363,0.09552706704123065,129,97,32,63,0.0,22,0.0,true,true,true,0.5,3.0
A,1002,0.05,u_pow_1p5,6.724621805653657,5.534487460223802,0.8230183971938375,0.47471274101032673,0.47471274101032673,0.07059322512549582,0.08577356881230162,129,110,19,70,0.0,22,0.0,true,true,true,0.5,3.0
A,1002,0.05,piecewise_fast_slow,6.724621805653657,5.318649735529179,0.7909217632220712,0.47471274101032673,0.47471274101032673,0.07059322512549582,0.08925437180779028,129,97,32,63,0.0,22,0.0,true,true,true,0.5,3.0
A,1003,0.05,u_pow_1p5,6.114499180912365,5.126957252485233,0.8384917719001512,0.3968030150581492,0.3968030150581492,0.06489542369992449,0.07739542101034752,129,110,19,70,0.0,22,0.0,true,true,true,0.5,3.0
A,1003,0.05,piecewise_fast_slow,6.114499180912365,4.91249685165954,0.8034176972326504,0.3968030150581492,0.3968030150581492,0.06489542369992449,0.08077420241482723,129,97,32,63,0.0,22,0.0,true,true,true,0.5,3.0
A,1004,0.05,u_pow_1p5,5.69280428432797,4.810337260978132,0.8449855327401243,0.5540215905975836,0.5540215905975836,0.09731962718668895,0.11517312831510884,129,110,19,70,0.0,22,0.0,true,true,true,0.5,3.0
A,1004,0.05,piecewise_fast_slow,5.69280428432797,4.681041007286283,0.8222733074054513,0.5540215905975836,0.5540215905975836,0.09731962718668895,0.1183543553101159,129,97,32,63,0.0,22,0.0,true,true,true,0.5,3.0
A,1005,0.05,u_pow_1p5,5.990788527837298,4.9687181065863895,0.829393006195817,0.38245283737064745,0.38245283737064745,0.06384014985565092,0.07697213429429192,129,110,19,70,0.0,22,0.0,true,true,true,0.5,3.0
A,1005,0.05,piecewise_fast_slow,5.990788527837298,4.7818801972839715,0.7982054741315084,0.38245283737064745,0.38245283737064745,0.06384014985565092,0.07997959413284221,129,97,32,63,0.0,22,0.0,true,true,true,0.5,3.0
A,1006,0.05,u_pow_1p5,6.444999768582842,5.451093052470881,0.8457863845151843,0.5648162928282757,0.5648162928282757,0.08763635579656046,0.10361523595203623,129,110,19,70,0.0,22,0.0,true,true,true,0.5,3.0
A,1006,0.05,piecewise_fast_slow,6.444999768582842,5.342347058312088,0.8289134600677867,0.5648162928282757,0.5648162928282757,0.08763635579656046,0.10572437295130152,129,97,32,63,0.0,22,0.0,true,true,true,0.5,3.0
A,1007,0.05,u_pow_1p5,6.249643449515663,5.229101387158095,0.8367039542973195,0.39705648059715204,0.39705648059715204,0.06353266131173023,0.07593206771095784,129,110,19,70,0.0,22,0.0,true,true,true,0.5,3.0
A,1007,0.05,piecewise_fast_slow,6.249643449515663,5.023339403511695,0.8037801586746514,0.39705648059715204,0.39705648059715204,0.06353266131173023,0.07904233592489877,129,97,32,63,0.0,22,0.0,true,true,true,0.5,3.0
A,1008,0.05,u_pow_1p5,5.915704409045599,4.99749103422495,0.8447837634658308,0.40160774807961924,0.40160774807961924,0.0678884069098395,0.08036187465454928,129,110,19,70,0.0,22,0.0,true,true,true,0.5,3.0
A,1008,0.05,piecewise_fast_slow,5.915704409045599,4.52071762256562,0.7641892342783507,0.40160774807961924,0.40160774807961924,0.0678884069098395,0.08883716737248827,129,97,32,63,0.0,22,0.0,true,true,true,0.5,3.0
A,1009,0.05,u_pow_1p5,6.663375401515069,5.545907895629966,0.832297080901217,0.3959497068027099,0.3959497068027099,0.05942179195137075,0.07139493014564995,129,110,19,70,0.0,22,0.0,true,true,true,0.5,3.0
A,1009,0.05,piecewise_fast_slow,6.663375401515069,5.457721735861297,0.8190626232195113,0.3959497068027099,0.3959497068027099,0.05942179195137075,0.07254853324621251,129,97,32,63,0.0,22,0.0,true,true,true,0.5,3.0
B,1000,0.0,u_pow_1p5,1.1419144253791886,1.1407757504037133,0.9990028368587276,0.451204101137028,0.451204101137028,0.39512952206309104,0.39552392394153696,129,110,19,70,0.0,22,0.0,true,true,true,0.5,3.0
B,1000,0.0,piecewise_fast_slow,1.1419144253791886,1.1081690567629674,0.970448426023679,0.451204101137028,0.451204101137028,0.39512952206309104,0.4071617939369504,129,97,32,63,0.0,22,0.0,true,true,true,0.5,3.0
B,1001,0.0,u_pow_1p5,1.0388761697424314,1.0388761697424314,1.0,0.43590715864741786,0.43590715864741786,0.4195949154897762,0.4195949154897762,129,110,19,70,0.0,22,0.0,true,true,true,0.5,3.0
B,1001,0.0,piecewise_fast_slow,1.0388761697424314,0.9945206040791247,0.9573042803799189,0.43590715864741786,0.43590715864741786,0.4195949154897762,0.438308826242012,129,97,32,63,0.0,22,0.0,true,true,true,0.5,3.0
B,1002,0.0,u_pow_1p5,1.1063974323504011,1.1005926237477723,0.9947534146113326,0.4582361328511227,0.4582361328511227,0.4141695555797324,0.4163539923525225,129,110,19,70,0.0,22,0.0,true,true,true,0.5,3.0
B,1002,0.0,piecewise_fast_slow,1.1063974323504011,1.0591483600933984,0.9572946656640119,0.4582361328511227,0.4582361328511227,0.4141695555797324,0.4326458408628554,129,97,32,63,0.0,22,0.0,true,true,true,0.5,3.0
B,1003,0.0,u_pow_1p5,1.030877044515851,1.0049740717409232,0.9748728784749562,0.4524433990000764,0.4524433990000764,0.4388917198292696,0.45020405174862443,129,110,19,70,0.0,22,0.0,true,true,true,0.5,3.0
B,1003,0.0,piecewise_fast_slow,1.030877044515851,0.9823678110296457,0.9529437252053783,0.4524433990000764,0.4524433990000764,0.4388917198292696,0.4605641531819518,129,97,32,63,0.0,22,0.0,true,true,true,0.5,3.0
B,1004,0.0,u_pow_1p5,0.9902681492433872,0.9902681492433874,1.0000000000000002,0.42532941569624044,0.42532941569624044,0.42950933645721384,0.4295093364572138,129,110,19,70,0.0,22,0.0,true,true,true,0.5,3.0
B,1004,0.0,piecewise_fast_slow,0.9902681492433872,0.9450484551289049,0.9543359097745067,0.42532941569624044,0.42532941569624044,0.42950933645721384,0.4500609607771121,129,97,32,63,0.0,22,0.0,true,true,true,0.5,3.0
B,1005,0.0,u_pow_1p5,1.1231688494937866,1.109078532352564,0.9874548540519326,0.4495421084024864,0.4495421084024864,0.4002444588853185,0.4053293750523897,129,110,19,70,0.0,22,0.0,true,true,true,0.5,3.0
B,1005,0.0,piecewise_fast_slow,1.1231688494937866,1.0779297684314555,0.9597219233041226,0.4495421084024864,0.4495421084024864,0.4002444588853185,0.4170421131022622,129,97,32,63,0.0,22,0.0,true,true,true,0.5,3.0
B,1006,0.0,u_pow_1p5,1.1057525123529663,1.1056020930245387,0.9998639665506095,0.482181164364087,0.482181164364087,0.4360660807706764,0.4361254084143499,129,110,19,70,0.0,22,0.0,true,true,true,0.5,3.0
B,1006,0.0,piecewise_fast_slow,1.1057525123529663,1.0537243777659944,0.9529477581956747,0.482181164364087,0.482181164364087,0.4360660807706764,0.4575970477083973,129,97,32,63,0.0,22,0.0,true,true,true,0.5,3.0
B,1007,0.0,u_pow_1p5,1.0290720284306185,1.018031722064858,0.9892715902670123,0.4433665161140324,0.4433665161140324,0.4308410916485471,0.43551345847530065,129,110,19,70,0.0,22,0.0,true,true,true,0.5,3.0
B,1007,0.0,piecewise_fast_slow,1.0290720284306185,0.9741518802236366,0.9466313856662322,0.4433665161140324,0.4433665161140324,0.4308410916485471,0.4551307913220354,129,97,32,63,0.0,22,0.0,true,true,true,0.5,3.0
B,1008,0.0,u_pow_1p5,0.9825340755371528,0.9820761940120228,0.99953397898706,0.4311185370046576,0.4311185370046576,0.43878227507678497,0.4389868521743026,129,110,19,70,0.0,22,0.0,true,true,true,0.5,3.0
B,1008,0.0,piecewise_fast_slow,0.9825340755371528,0.9322010977891106,0.9487722828131686,0.4311185370046576,0.4311185370046576,0.43878227507678497,0.46247374952371956,129,97,32,63,0.0,22,0.0,true,true,true,0.5,3.0
B,1009,0.0,u_pow_1p5,1.0395309843934162,1.0390823104175932,0.9995683880686974,0.41441985747318905,0.41441985747318905,0.39866041868392216,0.3988325595752268,129,110,19,70,0.0,22,0.0,true,true,true,0.5,3.0
B,1009,0.0,piecewise_fast_slow,1.0395309843934162,1.0047830172427266,0.9665734185201169,0.41441985747318905,0.41441985747318905,0.39866041868392216,0.4124471158065734,129,97,32,63,0.0,22,0.0,true,true,true,0.5,3.0
B,1000,0.05,u_pow_1p5,5.902306318306339,5.22093169732779,0.8845579025837365,0.43599576179111904,0.43599576179111904,0.07386871136099009,0.08350918706986209,129,110,19,70,0.0,22,0.0,true,true,true,0.5,3.0
B,1000,0.05,piecewise_fast_slow,5.902306318306339,4.661857795080386,0.7898366407418349,0.43599576179111904,0.43599576179111904,0.07386871136099009,0.09352403718775404,129,97,32,63,0.0,22,0.0,true,true,true,0.5,3.0
B,1001,0.05,u_pow_1p5,6.156825826346192,4.926528849146897,0.8001734965548923,0.44080283166785517,0.44080283166785517,0.07159579369316875,0.0894753375379476,129,110,19,70,0.0,22,0.0,true,true,true,0.5,3.0
B,1001,0.05,piecewise_fast_slow,6.156825826346192,4.9866900950364546,0.8099449676970703,0.44080283166785517,0.44080283166785517,0.07159579369316875,0.08839587447124739,129,97,32,63,0.0,22,0.0,true,true,true,0.5,3.0
B,1002,0.05,u_pow_1p5,5.388846545466992,4.447582890378383,0.8253311451445238,0.4268710389790922,0.4268710389790922,0.07921380491678112,0.09597820872603807,129,110,19,70,0.0,22,0.0,true,true,true,0.5,3.0
B,1002,0.05,piecewise_fast_slow,5.388846545466992,4.3298838030317,0.803489905771009,0.4268710389790922,0.4268710389790922,0.07921380491678112,0.09858718118029065,129,97,32,63,0.0,22,0.0,true,true,true,0.5,3.0
B,1003,0.05,u_pow_1p5,5.807083715742571,4.8772078757295425,0.8398721483053181,0.45122848282274025,0.45122848282274025,0.07770311311329875,0.09251778770148168,129,110,19,70,0.0,22,0.0,true,true,true,0.5,3.0
B,1003,0.05,piecewise_fast_slow,5.807083715742571,4.64971884606467,0.8006977466950629,0.45122848282274025,0.45122848282274025,0.07770311311329875,0.09704425100985223,129,97,32,63,0.0,22,0.0,true,true,true,0.5,3.0
B,1004,0.05,u_pow_1p5,6.577695380307441,5.537309837059425,0.8418312975753236,0.4093275726353761,0.4093275726353761,0.062229633476314036,0.07392173901772282,129,110,19,70,0.0,22,0.0,true,true,true,0.5,3.0
B,1004,0.05,piecewise_fast_slow,6.577695380307441,5.304317448611984,0.8064097137262171,0.4093275726353761,0.4093275726353761,0.062229633476314036,0.07716875481170297,129,97,32,63,0.0,22,0.0,true,true,true,0.5,3.0
B,1005,0.05,u_pow_1p5,5.668184608450446,4.812373663881465,0.8490149838639536,0.45291711178298943,0.45291711178298943,0.07990514478088016,0.09411511728241087,129,110,19,70,0.0,22,0.0,true,true,true,0.5,3.0
B,1005,0.05,piecewise_fast_slow,5.668184608450446,4.4147575261098035,0.7788662210345155,0.45291711178298943,0.45291711178298943,0.07990514478088016,0.10259161666396002,129,97,32,63,0.0,22,0.0,true,true,true,0.5,3.0
B,1006,0.05,u_pow_1p5,5.366582739531153,4.606014452417723,0.8582769848099134,0.4452524931871736,0.4452524931871736,0.0829676005751982,0.09666762833396192,129,110,19,70,0.0,22,0.0,true,true,true,0.5,3.0
B,1006,0.05,piecewise_fast_slow,5.366582739531153,4.310363742651159,0.8031859288966688,0.4452524931871736,0.4452524931871736,0.0829676005751982,0.1032981251167712,129,97,32,63,0.0,22,0.0,true,true,true,0.5,3.0
B,1007,0.05,u_pow_1p5,6.022708322246005,5.023454892679129,0.8340857009667983,0.44437739014754385,0.44437739014754385,0.07378364788249042,0.08846051166800599,129,110,19,70,0.0,22,0.0,true,true,true,0.5,3.0
B,1007,0.05,piecewise_fast_slow,6.022708322246005,4.836801796440444,0.8030941459633381,0.44437739014754385,0.44437739014754385,0.07378364788249042,0.09187421954618345,129,97,32,63,0.0,22,0.0,true,true,true,0.5,3.0
B,1008,0.05,u_pow_1p5,6.0085034480983035,4.883145384385992,0.8127057638506493,0.42529973033622814,0.42529973033622814,0.07078297183483116,0.08709544706494653,129,110,19,70,0.0,22,0.0,true,true,true,0.5,3.0
B,1008,0.05,piecewise_fast_slow,6.0085034480983035,4.858874996977136,0.8086664240019658,0.42529973033622814,0.42529973033622814,0.07078297183483116,0.08753049432241433,129,97,32,63,0.0,22,0.0,true,true,true,0.5,3.0
B,1009,0.05,u_pow_1p5,6.595072266109217,5.635170013877915,0.8544515945391453,0.4194995329671971,0.4194995329671971,0.06360802672670061,0.07444310143865794,129,110,19,70,0.0,22,0.0,true,true,true,0.5,3.0
B,1009,0.05,piecewise_fast_slow,6.595072266109217,5.105002769877333,0.7740632041457591,0.4194995329671971,0.4194995329671971,0.06360802672670061,0.08217420281189723,129,97,32,63,0.0,22,0.0,true,true,true,0.5,3.0
